14,0.013978,0.98181,0.211988
29,0.018983,0.980956,0.206617
45,0.011414,0.982909,0.215162
61,0.018006,0.978514,0.207837
76,0.019593,0.973021,0.201611
92,0.019716,0.985351,0.20564
107,0.017518,0.988647,0.206495
123,0.0141,0.979735,0.202588
139,0.016786,0.990234,0.212232
154,0.01764,0.985717,0.213209
170,0.018251,0.985961,0.208936
186,0.018739,0.980345,0.204541
201,0.016786,0.986205,0.204908
217,0.020082,0.985229,0.206006
232,0.021669,0.977782,0.20271
248,0.02057,0.987304,0.208448
264,0.014222,0.984374,0.203198
279,0.022157,0.983764,0.212598
295,0.019349,0.989501,0.20564
311,0.021058,0.988403,0.20918
326,0.021058,0.98474,0.206861
342,0.021058,0.983886,0.210523
357,0.016175,0.981566,0.204785
373,0.015199,0.979003,0.206128
389,0.015809,0.977538,0.206739
404,0.019105,0.980345,0.20564
420,0.019593,0.982909,0.205396
436,0.019349,0.985961,0.210523
451,0.016908,0.98059,0.206495
467,0.018373,0.979003,0.204663
484,0.019838,0.982421,0.200635
498,0.020936,0.979735,0.202344
514,0.019716,0.982177,0.207349
529,0.01996,0.986083,0.209302
545,0.017762,0.980223,0.206128
560,0.019471,0.978392,0.201978
576,0.018251,0.984862,0.209424
592,0.016908,0.988158,0.208082
607,0.017396,0.98059,0.20271
623,0.020936,0.97827,0.204175
639,0.020448,0.97766,0.204297
654,0.018861,0.9812,0.20271
670,0.020448,0.984618,0.203443
686,0.018129,0.977293,0.204297
701,0.018739,0.985473,0.211622
717,0.021181,0.989013,0.212598
732,0.020082,0.980468,0.204053
748,0.023012,0.987426,0.20625
764,0.017762,0.989745,0.207349
779,0.019716,0.982543,0.207837
795,0.021547,0.976805,0.202832
811,0.018129,0.979979,0.207593
826,0.018495,0.983275,0.206617
842,0.018617,0.975707,0.20564
858,0.015809,0.986327,0.207715
873,0.019716,0.986938,0.202588
889,0.021669,0.977171,0.204419
904,0.015687,0.981688,0.206495
920,0.019593,0.976927,0.207105
935,0.019349,0.983397,0.208448
951,0.015077,0.986205,0.209546
967,0.018739,0.979003,0.203687
982,0.018617,0.981322,0.209058
998,0.019105,0.98706,0.209913
1014,0.017274,0.981078,0.20503
1029,0.018251,0.982909,0.206861
1045,0.019593,0.983886,0.206739
1061,0.018006,0.980834,0.208082
1076,0.017518,0.989135,0.204053
1092,0.017152,0.979735,0.20625
1107,0.021058,0.979857,0.201856
1123,0.020692,0.979247,0.206128
1139,0.018861,0.984618,0.204663
1154,0.018129,0.982787,0.207715
1170,0.019105,0.980956,0.208326
1186,0.018739,0.980468,0.209791
1201,0.018739,0.988647,0.207349
1217,0.019227,0.982787,0.209302
1232,0.018739,0.98999,0.207227
1248,0.017274,0.976683,0.205274
1264,0.017274,0.98413,0.206617
1279,0.022035,0.982421,0.209669
1296,0.019838,0.983886,0.208204
1311,0.016419,0.979735,0.2021
1327,0.021669,0.988525,0.203198
1342,0.018251,0.979247,0.20503
1358,0.019838,0.980345,0.207105
1373,0.018861,0.981078,0.202344
1389,0.015443,0.984008,0.204663
1404,0.016786,0.980223,0.204175
1420,0.023134,0.981566,0.204297
1436,0.018739,0.986571,0.203931
1451,0.017762,0.988158,0.207227
1467,0.022768,0.978392,0.203443
1483,0.01764,0.982421,0.207105
1498,0.018495,0.984008,0.213331
1514,0.020692,0.983886,0.208814
1529,0.018983,0.985106,0.20857
1546,0.01764,0.976439,0.206983
1561,0.01703,0.981444,0.20625
1576,0.018251,0.982177,0.205396
1592,0.019593,0.982421,0.209913
1607,0.021303,0.985717,0.208936
1623,0.019471,0.98413,0.204785
1639,0.018861,0.986694,0.204419
1654,0.017518,0.988403,0.207959
1670,0.016908,0.982299,0.207105
1686,0.018617,0.982543,0.210889
1701,0.013123,0.984984,0.210523
1717,0.020326,0.986449,0.203565
1733,0.017152,0.982421,0.204663
1748,0.01764,0.979857,0.205884
1764,0.018373,0.984496,0.210279
1779,0.018617,0.987792,0.202954
1795,0.015077,0.981933,0.203198
1811,0.015199,0.980834,0.203931
1826,0.020692,0.975584,0.2021
1842,0.017518,0.985473,0.20857
1858,0.017518,0.985106,0.209669
1873,0.021791,0.981322,0.204053
1889,0.020082,0.982421,0.206617
1904,0.018373,0.984862,0.209424
1920,0.020692,0.981078,0.20625
1936,0.019838,0.981566,0.208326
1951,0.019838,0.979979,0.206861
1967,0.020204,0.984374,0.206617
1982,0.016541,0.981933,0.208326
1998,0.018129,0.9812,0.207105
2014,0.018861,0.978148,0.207471
2029,0.020326,0.984252,0.208936
2045,0.018617,0.983642,0.205396
2061,0.018006,0.984862,0.205152
2078,0.017884,0.977171,0.206983
2092,0.018861,0.984374,0.208326
2107,0.017884,0.98059,0.207471
2123,0.017396,0.984252,0.208204
2139,0.018617,0.980223,0.201001
2154,0.019838,0.97766,0.210157
2171,0.018251,0.980468,0.207349
2186,0.020814,0.983397,0.206128
2201,0.019471,0.984496,0.209424
2217,0.016175,0.983031,0.205884
2232,0.018861,0.982543,0.208692
2248,0.020814,0.981322,0.204419
2264,0.020936,0.984862,0.203809
2279,0.020082,0.988036,0.207715
2295,0.020204,0.984008,0.203565
2311,0.021913,0.981078,0.201489
2326,0.016908,0.985351,0.209791
2342,0.019349,0.986083,0.208082
2357,0.018861,0.979735,0.210889
2373,0.01764,0.984984,0.205762
2389,0.021303,0.98352,0.206372
2404,0.02057,0.983764,0.206617
2420,0.018129,0.989501,0.208204
2436,0.019227,0.986816,0.20918
2451,0.018251,0.983153,0.206006
2467,0.01996,0.979735,0.207959
2482,0.017518,0.981933,0.206495
2498,0.020082,0.984862,0.207349
2514,0.014832,0.983275,0.208082
2529,0.016908,0.982909,0.206861
2545,0.019716,0.987426,0.204908
2561,0.016297,0.982543,0.204663
2576,0.023134,0.984496,0.207837
2592,0.017762,0.980834,0.208326
2609,0.015077,0.979247,0.208204
2623,0.02057,0.983886,0.206128
2639,0.020936,0.980223,0.204175
2654,0.019593,0.983397,0.204663
2670,0.019716,0.982421,0.208204
2686,0.018129,0.985473,0.206739
2701,0.01996,0.983275,0.206495
2717,0.019227,0.979735,0.206006
2732,0.016175,0.984374,0.208692
2748,0.02057,0.978392,0.203931
2764,0.018617,0.983764,0.205762
2779,0.019838,0.984252,0.203931
2795,0.017518,0.982055,0.208082
2811,0.020204,0.983153,0.205396
2826,0.019593,0.98474,0.206372
2842,0.020204,0.980101,0.203443
2857,0.017396,0.984862,0.204663
2873,0.016664,0.979369,0.209058
2889,0.017518,0.974852,0.207715
2904,0.017762,0.981566,0.205884
2920,0.023378,0.981933,0.210035
2936,0.018006,0.978026,0.208692
2951,0.020692,0.982177,0.205762
2967,0.020936,0.978148,0.206128
2982,0.016053,0.98181,0.20503
2998,0.01996,0.982299,0.207227
3014,0.01764,0.986327,0.204297
3029,0.021547,0.98474,0.210889
3045,0.020326,0.985106,0.208204
3062,0.018983,0.976927,0.204663
3076,0.021791,0.981933,0.204541
3092,0.022035,0.981322,0.204175
3107,0.023012,0.983397,0.204785
3123,0.018617,0.984496,0.207715
3140,0.019593,0.983642,0.208082
3154,0.019716,0.982665,0.207349
3170,0.018861,0.978758,0.20625
3186,0.017152,0.981933,0.207471
3201,0.018739,0.982543,0.207959
3217,0.017762,0.980468,0.203687
3232,0.019105,0.98413,0.207593
3248,0.018006,0.979491,0.204541
3264,0.018739,0.984496,0.20503
3279,0.020814,0.984984,0.204419
3296,0.018006,0.976561,0.208936
3311,0.022523,0.98181,0.210035
3326,0.021425,0.986205,0.203809
3342,0.019227,0.982909,0.205518
3357,0.018861,0.978636,0.207593
3373,0.014955,0.982421,0.209424
3389,0.018739,0.981933,0.204908
3404,0.015809,0.983031,0.208082
3420,0.018129,0.979125,0.205518
3436,0.019471,0.980345,0.203198
3451,0.019227,0.981933,0.207227
3467,0.019593,0.979369,0.206983
3483,0.017762,0.982909,0.207715
3498,0.020082,0.980468,0.2021
3514,0.024721,0.977416,0.20625
3529,0.021058,0.978881,0.208814
3545,0.023134,0.980345,0.210523
3561,0.019105,0.979613,0.204297
3576,0.020204,0.978392,0.205884
3592,0.018617,0.986083,0.208326
3607,0.019593,0.983642,0.205762
3623,0.022645,0.978514,0.20625
3639,0.018983,0.985229,0.211622
3654,0.015809,0.978758,0.207105
3671,0.017152,0.985595,0.203687
3686,0.016908,0.984862,0.209302
3701,0.023744,0.982665,0.20857
3717,0.022157,0.980223,0.20564
3733,0.019471,0.97827,0.203809
3748,0.019227,0.979247,0.208326
3764,0.019227,0.978636,0.205396
3779,0.020082,0.980712,0.203809
3795,0.021425,0.982299,0.20857
3811,0.016786,0.988281,0.210279
3826,0.018739,0.981566,0.208082
3842,0.019227,0.98059,0.206617
3857,0.019349,0.981688,0.205396
3873,0.019349,0.987914,0.208448
3889,0.017152,0.983886,0.20625
3904,0.016175,0.982909,0.208936
3920,0.017762,0.982909,0.207959
3936,0.018739,0.981566,0.208082
3952,0.020448,0.976439,0.20564
3967,0.019471,0.977171,0.207837
3982,0.018495,0.97534,0.206861
3998,0.020204,0.983642,0.208204
4014,0.019716,0.983153,0.206739
4029,0.022645,0.982787,0.203198
4045,0.020936,0.978514,0.206128
4061,0.017274,0.985473,0.208448
4076,0.02057,0.981444,0.207593
4092,0.018617,0.984862,0.207593
4108,0.021547,0.980834,0.206861
4123,0.018251,0.982543,0.207227
4139,0.020692,0.983764,0.205518
4154,0.018006,0.98181,0.207959
4170,0.020082,0.982299,0.210035
4186,0.021547,0.984252,0.2115
4203,0.016786,0.988769,0.206495
4217,0.017762,0.980956,0.209913
4232,0.020692,0.985106,0.206739
4248,0.018373,0.980101,0.205884
4264,0.02057,0.982665,0.209546
4279,0.019716,0.977782,0.204663
4295,0.020814,0.986327,0.204908
4311,0.019471,0.980834,0.207593
4326,0.016297,0.983397,0.211256
4342,0.019349,0.98706,0.209791
4358,0.020692,0.987548,0.20564
4373,0.020448,0.982543,0.208082
4389,0.018983,0.981444,0.203687
4404,0.019227,0.980223,0.206128
4420,0.017518,0.983886,0.207227
4436,0.01996,0.98474,0.206006
4451,0.019716,0.981688,0.207593
4467,0.019227,0.982543,0.20918
4483,0.020936,0.986694,0.208692
4498,0.019838,0.981933,0.201001
4514,0.020936,0.9812,0.205274
4529,0.017518,0.986205,0.208936
4545,0.020936,0.985229,0.208814
4561,0.020936,0.979857,0.207471
4576,0.019838,0.986571,0.208814
4592,0.020814,0.983764,0.204663
4607,0.015809,0.98474,0.210401
4623,0.018739,0.984008,0.204175
4639,0.021181,0.979369,0.206128
4654,0.019227,0.980101,0.204541
4670,0.020082,0.988281,0.208692
4686,0.020082,0.990234,0.208936
4701,0.020448,0.984496,0.208448
4717,0.018983,0.976195,0.20857
4734,0.019838,0.980468,0.20564
4748,0.016786,0.98059,0.204908
4764,0.019838,0.977538,0.208082
4779,0.016786,0.976927,0.207471
4795,0.022157,0.986938,0.206983
4811,0.019838,0.980345,0.208692
4826,0.018129,0.981322,0.206495
4842,0.018129,0.98181,0.20503
4857,0.019593,0.977904,0.200635
4873,0.018739,0.978514,0.205274
4889,0.020692,0.981566,0.20918
4904,0.019471,0.986938,0.205518
4920,0.019105,0.982055,0.209302
4936,0.018373,0.979613,0.208448
4951,0.018006,0.983642,0.207593
4967,0.018983,0.982787,0.206861
4983,0.02057,0.978881,0.2021
4998,0.022035,0.976439,0.204175
5014,0.021913,0.978636,0.208204
5030,0.018983,0.982299,0.210401
5045,0.016786,0.98181,0.209546
5062,0.018739,0.980712,0.209791
5076,0.016908,0.979979,0.212232
5092,0.01996,0.980468,0.209669
5108,0.022279,0.988403,0.210157
5123,0.021669,0.985595,0.207593
5139,0.018617,0.9812,0.207959
5154,0.018983,0.9812,0.206372
5170,0.017274,0.979613,0.206495
5186,0.020448,0.987182,0.204053
5201,0.021303,0.985351,0.212354
5217,0.020814,0.978636,0.21565
5232,0.020082,0.983397,0.205396
5248,0.019349,0.985961,0.211622
5265,0.018373,0.983886,0.20625
5279,0.023256,0.98181,0.205152
5296,0.018739,0.981566,0.205152
5311,0.015199,0.979247,0.202222
5326,0.020082,0.981688,0.206983
5342,0.019593,0.981566,0.206739
5357,0.02057,0.980223,0.209546
5373,0.020692,0.98181,0.204175
5389,0.018983,0.986571,0.206128
5404,0.018861,0.982543,0.203687
5420,0.016297,0.986205,0.208204
5436,0.019349,0.983886,0.207105
5451,0.018983,0.981688,0.208448
5467,0.016786,0.987548,0.207349
5482,0.017884,0.98413,0.205396
5498,0.015199,0.983153,0.206739
5514,0.020204,0.980468,0.203687
5529,0.019716,0.979491,0.207715
5545,0.020082,0.985229,0.208936
5561,0.017884,0.982177,0.204541
5576,0.019105,0.977782,0.20564
5592,0.018495,0.982909,0.20625
5607,0.015687,0.987426,0.207593
5623,0.019716,0.979857,0.208326
5639,0.018739,0.986083,0.20564
5654,0.02057,0.9812,0.204908
5670,0.019105,0.981566,0.205884
5686,0.021425,0.982421,0.202466
5701,0.017762,0.986205,0.206861
5717,0.022035,0.981688,0.205518
5733,0.020448,0.984496,0.210157
5748,0.019593,0.983031,0.201978
5764,0.020448,0.980712,0.207227
5779,0.020082,0.978881,0.209058
5796,0.018373,0.978148,0.207715
5811,0.016664,0.984618,0.205274
5826,0.018617,0.978636,0.208204
5842,0.015687,0.986571,0.208326
5858,0.021547,0.981566,0.207959
5873,0.018861,0.982665,0.207837
5889,0.019349,0.98413,0.208082
5904,0.018373,0.985106,0.208692
5920,0.017274,0.982665,0.203321
5936,0.018617,0.980468,0.206495
5951,0.017152,0.986205,0.208448
5967,0.018739,0.984008,0.210523
5982,0.020082,0.986694,0.205884
5998,0.021181,0.979369,0.202954
6014,0.016419,0.977049,0.209302
6029,0.018495,0.978148,0.204908
6045,0.018983,0.984618,0.20625
6062,0.021303,0.981688,0.206495
6076,0.023744,0.981322,0.203687
6092,0.017274,0.982055,0.205274
6108,0.017152,0.975462,0.200024
6123,0.019105,0.979369,0.206617
6139,0.020326,0.978514,0.208326
6154,0.016419,0.979491,0.201123
6170,0.018495,0.985839,0.20625
6186,0.018129,0.98059,0.206861
6201,0.017152,0.985106,0.205518
6217,0.024354,0.984374,0.20625
6233,0.016664,0.978636,0.195019
6248,0.020326,0.983886,0.216505
6264,0.019716,0.972655,0.19685
6279,0.017396,0.987914,0.213697
6295,0.021058,0.9812,0.210401
6311,0.017762,0.973631,0.202466
6328,0.014588,0.976683,0.203809
6342,0.019471,0.973387,0.203076
6357,0.01764,0.984618,0.209791
6373,0.019471,0.983886,0.212354
6389,0.019471,0.986694,0.204663
6404,0.019838,0.983642,0.211256
6420,0.019349,0.977293,0.20857
6436,0.017884,0.979125,0.205762
6451,0.017518,0.983764,0.205762
6467,0.017518,0.984618,0.204541
6482,0.021303,0.987426,0.208448
6498,0.021303,0.98413,0.205518
6514,0.021303,0.984374,0.206128
6529,0.021058,0.985473,0.206128
6545,0.017762,0.98059,0.205274
6561,0.021181,0.985839,0.208082
6576,0.018373,0.981078,0.204663
6592,0.017152,0.98474,0.206372
6607,0.017518,0.98352,0.207837
6623,0.020936,0.978758,0.20503
6639,0.019349,0.984862,0.202832
6654,0.019838,0.981566,0.206617
6670,0.017274,0.98059,0.205274
6686,0.017762,0.985595,0.207959
6701,0.018129,0.98059,0.205518
6717,0.018495,0.983764,0.208692
6733,0.021913,0.98352,0.207227
6748,0.016908,0.988647,0.206128
6764,0.017762,0.988158,0.206739
6779,0.019593,0.98413,0.205762
6795,0.019105,0.981933,0.20503
6811,0.016786,0.983153,0.20857
6826,0.018495,0.981933,0.204297
6842,0.021181,0.979003,0.207105
6859,0.018495,0.983397,0.206495
6873,0.017518,0.981322,0.205396
6889,0.016053,0.985717,0.206861
6904,0.017762,0.980834,0.20857
6920,0.019716,0.982665,0.203076
6936,0.018129,0.983764,0.205396
6951,0.018861,0.980834,0.208814
6967,0.016175,0.988158,0.207959
6983,0.018129,0.978514,0.207471
6998,0.021058,0.974364,0.210645
7014,0.019838,0.980712,0.203931
7029,0.017884,0.983642,0.204053
7045,0.017884,0.984008,0.20625
7062,0.023866,0.974242,0.203076
7076,0.019349,0.978514,0.206372
7092,0.018006,0.987304,0.210279
7108,0.02057,0.98413,0.206617
7123,0.017396,0.980956,0.206861
7139,0.019227,0.982055,0.20857
7154,0.020204,0.984984,0.203931
7170,0.018861,0.983642,0.207105
7186,0.018983,0.987914,0.207471
7201,0.017518,0.978514,0.203687
7217,0.015321,0.986327,0.215406
7232,0.020326,0.977538,0.203198
7248,0.022401,0.984862,0.211256
7264,0.02057,0.985229,0.206617
7279,0.018373,0.977782,0.201978
7295,0.021547,0.984618,0.205884
7312,0.01996,0.980223,0.204419
7326,0.01996,0.978514,0.207959
7342,0.018373,0.978881,0.209546
7357,0.018251,0.98352,0.208936
7373,0.019349,0.986083,0.206372
7390,0.018251,0.98413,0.20918
7404,0.021791,0.980712,0.207349
7420,0.018861,0.985351,0.205396
7436,0.020448,0.983153,0.207227
7451,0.020936,0.974242,0.201611
7467,0.020082,0.988281,0.210401
7482,0.018495,0.986449,0.204175
7498,0.01703,0.984862,0.204785
7514,0.018006,0.980345,0.206739
7529,0.019105,0.983031,0.207593
7545,0.019716,0.988891,0.2115
7561,0.017762,0.98474,0.210767
7576,0.018251,0.979979,0.208814
7592,0.019105,0.978026,0.207471
7607,0.017518,0.983031,0.207715
7623,0.016908,0.982787,0.206128
7639,0.015931,0.985717,0.20918
7654,0.01996,0.98413,0.209058
7670,0.020204,0.979491,0.208082
7686,0.018983,0.985961,0.206372
7701,0.015687,0.984618,0.213697
7717,0.01703,0.985595,0.206861
7732,0.020204,0.977538,0.206983
7748,0.019105,0.982421,0.207105
7764,0.01764,0.979491,0.20918
7779,0.01764,0.984252,0.211011
7795,0.017884,0.980834,0.204297
7811,0.018495,0.98767,0.210157
7826,0.021669,0.980834,0.203443
7842,0.020936,0.983153,0.205884
7857,0.019471,0.982909,0.206006
7873,0.020204,0.979247,0.204785
7889,0.019227,0.982299,0.20564
7904,0.019105,0.987182,0.207959
7921,0.015199,0.979979,0.206128
7936,0.018373,0.985473,0.207837
7951,0.018983,0.981444,0.203809
7967,0.016908,0.978881,0.205884
7982,0.016786,0.985106,0.208814
7998,0.020326,0.979369,0.204541
8014,0.018983,0.985961,0.209424
8029,0.018983,0.980468,0.205274
8045,0.019838,0.982421,0.205274
8062,0.019471,0.980223,0.207593
8076,0.019105,0.98181,0.208326
8092,0.02057,0.982909,0.209302
8107,0.01764,0.98352,0.206739
8123,0.018617,0.987548,0.209546
8139,0.019593,0.979125,0.206617
8154,0.020326,0.981078,0.203076
8170,0.017518,0.983397,0.213331
8186,0.01996,0.985351,0.209302
8201,0.019593,0.980101,0.207593
8218,0.017274,0.981444,0.208936
8232,0.020692,0.982665,0.204175
8248,0.019593,0.980834,0.208692
8264,0.016786,0.978514,0.206006
8279,0.019105,0.985229,0.204297
8295,0.01764,0.979735,0.20503
8311,0.018617,0.979735,0.203076
8326,0.016297,0.980712,0.205762
8342,0.019105,0.983886,0.206739
8357,0.017518,0.978026,0.205884
8373,0.018251,0.976195,0.206128
8389,0.021058,0.979247,0.210645
8404,0.016053,0.979003,0.207105
8420,0.017396,0.982055,0.206495
8436,0.021181,0.97827,0.20503
8452,0.019349,0.982421,0.205274
8467,0.02057,0.986816,0.208692
8482,0.017152,0.985717,0.207593
8498,0.015687,0.979735,0.20271
8514,0.01996,0.980223,0.201978
8529,0.021058,0.983153,0.206617
8545,0.021791,0.983397,0.205762
8561,0.017274,0.982909,0.204785
8576,0.018129,0.979735,0.208448
8592,0.019227,0.980834,0.205274
8608,0.018495,0.985351,0.209546
8623,0.022035,0.98352,0.203931
8639,0.018495,0.982421,0.209302
8654,0.018861,0.983153,0.203321
8670,0.016786,0.984496,0.204908
8686,0.020082,0.982421,0.205884
8701,0.018983,0.983275,0.204541
8717,0.020936,0.983642,0.206372
8732,0.019227,0.983886,0.20625
8748,0.019105,0.984496,0.208814
8764,0.017274,0.988158,0.208814
8779,0.018983,0.979613,0.205274
8795,0.018861,0.986694,0.204541
8811,0.018006,0.978026,0.206128
8826,0.020326,0.984374,0.207349
8842,0.020204,0.985229,0.207837
8858,0.018373,0.983886,0.205884
8873,0.018617,0.980834,0.207837
8889,0.019716,0.983886,0.20503
8905,0.016053,0.986571,0.206372
8920,0.015443,0.98706,0.203931
8936,0.015199,0.982299,0.208936
8951,0.016908,0.987304,0.205152
8967,0.020204,0.979247,0.208814
8984,0.019471,0.985961,0.207349
8998,0.017396,0.982177,0.204419
9014,0.021669,0.983397,0.205274
9029,0.015077,0.980101,0.208448
9045,0.018983,0.982787,0.20918
9061,0.021913,0.985351,0.206006
9076,0.013978,0.98352,0.206006
9092,0.019838,0.980834,0.206372
9107,0.018006,0.980712,0.207227
9123,0.018983,0.985839,0.205152
9139,0.01349,0.988403,0.206617
9154,0.01764,0.981566,0.205884
9170,0.019105,0.980712,0.20625
9186,0.018251,0.976805,0.206617
9201,0.018373,0.985961,0.20918
9217,0.016786,0.979857,0.203809
9232,0.018617,0.988281,0.204541
9248,0.019716,0.982299,0.209424
9264,0.021669,0.980345,0.203443
9279,0.019716,0.984862,0.208936
9295,0.017274,0.980712,0.206739
9312,0.017884,0.983886,0.209791
9326,0.018129,0.98474,0.206739
9342,0.018617,0.982421,0.208082
9357,0.017152,0.982421,0.207837
9373,0.018129,0.981566,0.206372
9389,0.019349,0.983764,0.20503
9404,0.022157,0.980956,0.201856
9420,0.015443,0.981933,0.209791
9436,0.020326,0.980101,0.208082
9451,0.018129,0.985473,0.204663
9467,0.020082,0.978758,0.20625
9483,0.021181,0.988891,0.212721
9499,0.021425,0.985839,0.210401
9515,0.020692,0.979613,0.204541
9530,0.017396,0.983886,0.207227
9545,0.018373,0.983642,0.206861
9561,0.021669,0.986327,0.209669
9576,0.019838,0.979613,0.205762
9592,0.018983,0.98181,0.20503
9608,0.018739,0.978636,0.207471
9623,0.015931,0.976927,0.199414
9639,0.018617,0.982299,0.207105
9654,0.015321,0.976683,0.204175
9670,0.017884,0.985839,0.204297
9686,0.017518,0.985229,0.206006
9701,0.016175,0.984618,0.209913
9717,0.11457,0.939083,0.207349
9732,0.019593,0.949094,0.15864
9748,0.042544,0.988525,0.179271
9764,0.038027,0.975829,0.248001
9779,0.030947,0.971678,0.261796
9795,0.019227,0.983031,0.208326
9811,0.017152,0.989501,0.210279
9826,0.018617,0.982665,0.208082
9842,0.021669,0.980712,0.206006
9858,0.022035,0.983764,0.20564
9873,0.01764,0.984252,0.206861
9889,0.019838,0.982299,0.206128
9904,0.017274,0.982665,0.205396
9920,0.017152,0.983031,0.205762
9936,0.019716,0.977538,0.209913
9951,0.020326,0.98413,0.204663
9967,0.018251,0.983275,0.20564
9983,0.015321,0.976561,0.203076
9998,0.019716,0.980834,0.203443
10014,0.019105,0.9812,0.20271
10029,0.022157,0.984252,0.209546
10045,0.020082,0.982055,0.206495
10061,0.016786,0.981444,0.207227
10076,0.018495,0.988525,0.20625
10092,0.016908,0.989623,0.209424
10108,0.016664,0.981688,0.207227
10123,0.01764,0.98181,0.20625
10139,0.018251,0.981322,0.206739
10154,0.018129,0.978758,0.207593
10172,0.021669,0.985106,0.207959
10186,0.023012,0.980712,0.203931
10201,0.017274,0.983275,0.209546
10217,0.020082,0.979369,0.205274
10232,0.015565,0.984008,0.206983
10248,0.021913,0.980834,0.206495
10264,0.01996,0.984008,0.205152
10279,0.016541,0.979369,0.206128
10295,0.019227,0.981078,0.2115
10311,0.018495,0.98181,0.200391
10326,0.016541,0.9812,0.204908
10342,0.019105,0.988158,0.212965
10357,0.023012,0.979491,0.207471
10373,0.016297,0.969603,0.190258
10389,0.027895,0.967771,0.279131
10405,0.042422,0.979735,0.270585
10420,-0.044742,0.985229,0.148019
10436,0.01996,1.30141,0.163401
10451,-0.021058,1.320942,0.200391
10467,-0.063664,1.370262,0.269731
10483,-0.121651,1.3666,0.32491
10498,-0.155466,1.327291,0.368736
10514,-0.166209,1.305805,0.339193
10530,-0.124458,1.357199,0.271318
10545,-0.204053,1.277605,0.105902
10561,-0.301837,1.249649,0.1269
10576,-0.42599,1.243667,0.23091
10592,-0.463224,1.339498,0.087835
10607,-0.517427,1.252213,0.161936
10623,-0.63511,0.94946,0.163279
10639,-0.723006,0.748031,0.20503
10655,-0.692486,0.691021,0.11164
10671,-0.684673,0.666239,0.141793
10686,-0.689434,0.606543,0.19563
10701,-0.714582,0.514985,0.225661
10717,-0.723738,0.466154,0.238357
10733,-0.81493,0.228224,0.276689
10748,-0.826527,0.117256,0.250443
10764,-0.818226,0.104804,0.218214
10779,-0.808582,0.106879,0.197217
10795,-0.685161,0.260941,0.07404
10811,-0.540011,0.169017,-0.050723
10826,-0.490569,0.016419,-0.013978
10842,-0.567112,-0.265946,0.087347
10858,-0.541232,-0.331258,0.094793
10873,-0.404016,-0.511567,-0.044253
10889,-0.323567,-0.585058,-0.083928
10904,-0.289874,-0.637185,-0.066349
10920,-0.322713,-0.74559,0.012391
10936,-0.33785,-0.821156,0.007142
10951,-0.305011,-0.805896,0.021547
10967,-0.274614,-0.808338,0.01056
10983,-0.235427,-0.774034,-0.060123
10998,-0.201245,-0.779161,-0.141427
11014,-0.219679,-0.757676,-0.136544
11029,-0.317952,-0.771959,-0.140939
11045,-0.344564,-0.686138,-0.159617
11063,-0.344687,-0.702008,-0.151315
11076,-0.503876,-0.770005,-0.225661
11092,-0.55051,-0.666728,-0.167185
11109,-0.567478,-0.652078,-0.194775
11123,-0.279619,-0.970335,-0.592504
11142,0.098456,-1.688274,-1.190808
11157,-0.073796,-0.612159,-0.245559
11173,-0.096258,-0.92126,-0.472136
11189,-0.124458,-0.724959,-0.383019
11204,-0.1927,-0.793566,-0.289752
11220,-0.346151,-0.921504,-0.296954
11237,-0.273759,-0.852774,-0.403894
11251,-0.142526,-0.759507,-0.433681
11267,-0.107245,-0.854117,-0.441983
11282,-0.110786,-1.028444,-0.46359
11298,-0.084539,-1.133797,-0.468473
11315,-0.063297,-1.140267,-0.466032
11329,0.025819,-1.139901,-0.2397
11345,0.022401,-1.202283,-0.165354
11360,-0.070866,-1.258194,-0.078313
11376,-0.035219,-1.277605,-0.112006
11392,-0.010682,-1.277361,-0.11457
11407,0.012147,-1.271501,-0.112739
11423,0.025697,-1.259293,-0.10871
11439,0.010804,-1.245743,-0.108222
11454,-0.037051,-1.253067,-0.226759
11470,0.099188,-1.021119,-0.596167
11485,0.075993,-0.960691,-0.545993
11501,0.074651,-0.944088,-0.535006
11516,0.109321,-0.84545,-0.519624
11532,-0.010071,-0.854727,-0.451749
11548,-0.111518,-1.191784,-0.181835
11564,-0.1175,-1.150034,-0.243118
11579,-0.074406,-1.058353,-0.291583
11595,-0.053775,-0.845205,-0.322835
11610,0.086004,-0.808582,-0.386437
11627,0.272905,-0.724226,-0.384484
11641,0.425136,-0.9154,-0.609473
11657,0.110297,-1.021119,-0.451505
11673,-0.03583,-0.897211,-0.288531
11688,0.032534,-0.93127,-0.206372
11704,0.027651,-0.919917,-0.226393
11720,-0.015565,-0.957761,-0.253128
11735,0.025697,-1.128426,-0.387902
11751,0.092474,-1.108283,-0.479338
11766,0.017884,-0.931026,-0.321126
11782,0.003968,-0.891473,-0.290606
11799,0.010926,-0.972166,-0.292071
11813,0.00763,-1.042727,-0.332967
11829,0.023622,-1.038455,-0.348959
11845,0.010438,-0.970823,-0.316242
11860,0.0047,-0.981322,-0.309284
11876,0.010071,-1.007813,-0.315022
11891,0.010926,-1.00586,-0.320881
11907,0.018617,-1.015626,-0.317707
11923,0.016541,-1.023805,-0.336874
11938,0.028261,-0.994384,-0.326253
11954,0.017518,-0.971434,-0.310993
11970,0.021303,-0.937252,-0.294635
11985,0.041201,-0.980345,-0.331746
12001,0.032656,-0.966429,-0.338461
12017,0.026186,-0.954099,-0.32784
12032,0.029238,-0.962888,-0.328816
12049,0.029238,-0.961912,-0.327718
12063,0.025575,-0.954709,-0.329183
12079,0.023988,-0.949948,-0.329671
12095,0.015077,-0.944821,-0.311726
12110,0.022157,-0.961423,-0.314777
12126,0.015565,-0.971556,-0.309284
12142,0.019593,-0.992431,-0.304279
12158,0.01996,-0.989745,-0.312824
12173,0.025087,-0.961179,-0.317707
12188,0.022401,-0.962644,-0.314167
12204,0.016297,-0.961057,-0.310993
12220,0.007264,-0.97534,-0.313557
12235,0.004944,-0.978758,-0.309162
12251,0.00409,-0.976317,-0.310016
12266,0.021791,-0.972777,-0.320027
12283,0.023866,-0.971312,-0.318074
12298,0.026186,-0.964109,-0.321248
12313,0.026308,-0.945553,-0.313068
12329,0.025087,-0.947629,-0.302326
12345,0.022645,-0.972044,-0.299518
12360,0.033632,-0.987914,-0.307331
12376,0.036806,-0.982543,-0.315632
12391,0.036684,-0.955564,-0.303302
12407,0.037539,-0.956174,-0.307941
12423,0.044131,-0.958005,-0.311237
12438,0.046817,-0.960691,-0.310261
12454,0.052921,-0.966307,-0.314167
12470,0.047671,-0.973143,-0.316609
12485,0.045962,-0.982665,-0.323933
12501,0.038638,-0.974486,-0.313679
12516,0.0329,-0.956784,-0.307087
12532,0.040347,-0.960325,-0.319783
12548,0.042178,-0.948849,-0.315632
12564,0.043887,-0.963133,-0.310383
12579,0.038393,-0.973021,-0.319661
12595,0.041812,-0.976561,-0.31612
12610,0.039248,-0.973265,-0.314777
12626,0.042422,-0.970457,-0.315754
12641,0.03351,-0.957761,-0.309528
12657,0.034121,-0.964475,-0.306598
12673,0.037051,-0.963499,-0.307941
12690,0.037905,-0.964597,-0.308918
12704,0.035097,-0.966429,-0.307941
12720,0.02997,-0.967405,-0.305866
12735,0.027651,-0.973631,-0.312458
12751,0.02704,-0.979125,-0.311848
12766,0.01996,-0.975951,-0.308918
12782,0.029238,-0.967527,-0.311115
12798,0.023744,-0.972044,-0.307575
12813,0.029604,-0.963865,-0.311603
12829,0.030092,-0.975462,-0.307941
12845,0.031923,-0.967405,-0.308429
12860,0.033388,-0.941647,-0.30318
12876,0.035464,-0.927486,-0.306598
12891,0.036318,-0.940914,-0.30965
12907,0.044253,-0.966673,-0.3149
12923,0.044375,-0.968016,-0.303302
12938,0.036318,-0.966917,-0.305011
12954,0.035708,-0.973021,-0.304157
12970,0.039248,-0.971678,-0.313191
12985,0.035708,-0.97473,-0.311848
13001,0.03644,-0.976439,-0.314045
13016,0.034243,-0.987182,-0.314411
13032,0.033632,-0.994018,-0.311115
13049,0.029482,-0.993774,-0.315144
13063,0.033632,-0.990356,-0.315388
13079,0.039248,-0.969359,-0.317707
13095,0.037783,-0.952878,-0.309284
13110,0.03351,-0.951413,-0.308796
13126,0.031435,-0.946774,-0.299152
13141,0.031801,-0.961301,-0.300983
13157,0.031801,-0.966795,-0.30318
13173,0.031069,-0.970335,-0.301837
13188,0.028017,-0.957395,-0.298297
13204,0.028505,-0.935421,-0.29439
13221,0.037539,-0.94653,-0.295123
13235,0.040469,-0.949338,-0.298663
13251,0.04523,-0.956662,-0.30611
13266,0.049747,-0.959104,-0.304889
13282,0.048526,-0.967283,-0.302081
13298,0.037905,-0.970579,-0.297076
13315,0.037905,-0.970335,-0.29964
13329,0.037905,-0.969481,-0.297565
13345,0.03644,-0.971312,-0.297198
13360,0.043277,-0.973265,-0.304035
13376,0.042666,-0.980101,-0.303668
13391,0.038638,-0.981566,-0.306842
13407,0.039614,-0.978026,-0.307819
13423,0.040591,-0.973997,-0.30611
13438,0.040835,-0.982665,-0.311481
13454,0.037417,-0.97119,-0.310383
13470,0.040103,-0.972044,-0.308674
13485,0.03644,-0.987304,-0.304767
13501,0.033754,-0.992065,-0.306965
13516,0.036074,-0.988036,-0.305255
13532,0.028261,-0.983886,-0.304279
13548,0.024843,-0.975584,-0.310505
13564,0.031557,-0.969725,-0.308918
13579,0.027773,-0.954587,-0.307941
13595,0.02704,-0.947629,-0.30257
13610,0.030336,-0.960691,-0.308307
13626,0.031435,-0.969359,-0.3055
13641,0.03644,-0.963255,-0.299029
13657,0.042666,-0.958982,-0.304767
13673,0.047427,-0.956296,-0.300617
13688,0.043765,-0.963865,-0.305378
13704,0.034975,-0.960813,-0.302081
13720,0.043643,-0.962644,-0.308429
13735,0.044864,-0.963621,-0.308429
13752,0.046451,-0.963255,-0.303424
13766,0.046329,-0.969481,-0.298541
13782,0.041079,-0.963133,-0.289263
13798,0.03937,-0.957639,-0.2961
13813,0.039248,-0.953122,-0.291583
13829,0.039126,-0.939694,-0.300372
13845,0.043521,-0.942623,-0.294635
13860,0.045108,-0.965574,-0.292559
13876,0.043399,-0.979735,-0.295611
13892,0.044986,-0.987548,-0.297565
13907,0.03998,-0.989868,-0.304279
13923,0.044986,-0.990966,-0.299518
13938,0.044742,-0.993652,-0.302692
13954,0.045108,-0.994384,-0.301593
13970,0.046939,-0.994506,-0.300494
13985,0.049258,-0.991943,-0.302448
14001,0.0517,-0.990966,-0.299274
14016,0.049991,-0.991699,-0.300983
14032,0.054142,-0.982543,-0.304401
14050,0.053287,-0.97534,-0.305744
14063,0.045352,-0.978636,-0.306232
14079,0.045596,-0.974486,-0.303791
14095,0.046451,-0.968504,-0.296588
14110,0.045474,-0.963255,-0.292559
14126,0.040103,-0.967527,-0.294513
14141,0.038149,-0.968748,-0.295978
14157,0.044131,-0.969236,-0.303058
14173,0.04877,-0.955686,-0.309406
14188,0.047183,-0.954709,-0.304279
14204,0.048648,-0.962766,-0.309894
14220,0.053409,-0.9624,-0.310871
14235,0.055118,-0.965818,-0.305988
14251,0.05817,-0.972044,-0.306476
14266,0.056583,-0.980345,-0.306842
14282,0.055118,-0.985717,-0.303913
14298,0.051944,-0.976561,-0.303546
14313,0.047427,-0.982177,-0.300128
14329,0.053287,-0.981933,-0.302692
14345,0.056583,-0.978026,-0.30611
14360,0.052799,-0.975584,-0.3055
14380,0.049258,-0.96826,-0.301471
14392,0.044009,-0.966307,-0.303791
14407,0.043154,-0.961912,-0.302448
14423,0.043643,-0.960447,-0.301959
14438,0.053043,-0.975584,-0.297809
14454,0.050113,-0.973631,-0.298053
14470,0.047916,-0.95886,-0.299274
14485,0.052188,-0.957395,-0.296954
14501,0.049502,-0.947751,-0.297809
14516,0.054752,-0.95239,-0.305133
14532,0.052799,-0.966184,-0.302081
14548,0.052799,-0.973631,-0.307453
14564,0.05463,-0.977049,-0.305133
14579,0.052554,-0.969481,-0.297931
14595,0.055362,-0.969969,-0.297687
14610,0.053775,-0.967649,-0.296222
14626,0.054142,-0.967894,-0.300617
14641,0.050601,-0.970579,-0.299274
14657,0.047671,-0.971434,-0.300128
14673,0.04816,-0.978514,-0.293902
14688,0.049014,-0.974486,-0.295611
14704,0.050845,-0.973753,-0.293414
14720,0.048282,-0.969481,-0.298053
14735,0.047427,-0.963743,-0.306842
14751,0.044253,-0.96179,-0.30257
14766,0.044986,-0.962644,-0.298785
14782,0.04877,-0.963377,-0.292315
14798,0.044742,-0.974608,-0.29317
14815,0.041323,-0.978636,-0.300739
14829,0.048526,-0.97534,-0.302081
14845,0.048404,-0.966429,-0.304157
14860,0.053897,-0.963987,-0.303302
14876,0.050845,-0.967039,-0.308429
14891,0.043521,-0.97119,-0.301959
14907,0.044619,-0.974974,-0.299396
14923,0.053897,-0.973753,-0.29732
14938,0.050601,-0.975829,-0.301105
14954,0.055484,-0.977416,-0.300739
14970,0.052554,-0.979369,-0.29378
14985,0.052921,-0.967405,-0.288653
15001,0.050601,-0.976195,-0.289019
15016,0.052799,-0.965086,-0.295367
15033,0.060367,-0.965452,-0.293048
15049,0.058048,-0.974486,-0.2961
15063,0.055729,-0.97412,-0.298541
15079,0.050235,-0.970335,-0.296588
15095,0.053409,-0.970457,-0.296344
15110,0.051212,-0.974486,-0.292071
15126,0.049747,-0.959104,-0.294024
15141,0.051334,-0.954831,-0.290606
15157,0.049136,-0.966062,-0.288531
15173,0.047793,-0.991821,-0.28731
15188,0.044619,-0.988281,-0.287432
15204,0.047916,-0.98474,-0.289263
15220,0.045596,-0.964353,-0.290118
15235,0.047061,-0.967527,-0.289752
15251,0.048282,-0.971434,-0.291339
15266,0.046451,-0.968382,-0.293048
15282,0.045352,-0.9624,-0.295855
15298,0.045596,-0.95593,-0.294879
15315,0.044742,-0.963499,-0.291339
15329,0.054386,-0.964353,-0.291216
15346,0.059513,-0.968382,-0.289385
15360,0.06171,-0.978148,-0.294268
15376,0.054019,-0.973753,-0.286455
15391,0.04938,-0.953122,-0.301471
15407,0.053409,-0.959226,-0.30025
15423,0.045108,-0.997436,-0.295978
15438,0.044497,-1.001587,-0.295001
15454,0.043521,-0.98413,-0.290606
15470,0.046451,-0.969725,-0.294879
15485,0.050601,-0.967039,-0.292681
15501,0.053043,-0.964353,-0.292071
15517,0.049991,-0.956052,-0.291216
15532,0.054508,-0.947507,-0.292926
15548,0.055729,-0.950925,-0.287188
15563,0.047549,-0.957517,-0.286822
15579,0.04584,-0.98413,-0.284136
15595,0.047061,-0.994751,-0.283281
15610,0.046329,-1.00354,-0.286578
15626,0.060612,-0.988158,-0.292559
15641,0.064274,-0.976927,-0.297931
15657,0.056217,-0.965818,-0.296588
15673,0.047305,-0.960569,-0.295489
15688,0.044009,-0.961546,-0.29378
15704,0.049502,-0.961179,-0.290484
15720,0.054508,-0.959226,-0.293048
15735,0.062931,-0.960813,-0.291461
15751,0.0611,-0.967405,-0.292559
15766,0.065373,-0.968138,-0.293292
15782,0.059757,-0.982787,-0.294146
15798,0.059025,-0.983642,-0.296954
15813,0.057071,-0.97473,-0.291461
15829,0.064152,-0.967771,-0.294146
15845,0.062199,-0.957639,-0.293536
15860,0.059757,-0.957151,-0.288165
15877,0.057926,-0.95886,-0.294024
15891,0.059757,-0.957761,-0.293414
15907,0.060123,-0.957273,-0.295733
15923,0.062321,-0.961179,-0.292681
15938,0.054508,-0.96533,-0.292804
15954,0.055606,-0.971312,-0.296832
15970,0.053775,-0.97766,-0.292315
15986,0.060612,-0.985961,-0.294635
16001,0.054264,-0.979735,-0.289141
16016,0.056583,-0.981444,-0.295855
16032,0.052799,-0.969969,-0.288409
16049,0.050479,-0.968138,-0.287676
16064,0.049014,-0.965818,-0.289874
16079,0.047549,-0.976439,-0.28731
16095,0.047671,-0.98059,-0.288409
16110,0.052432,-0.981078,-0.296344
16126,0.052066,-0.982177,-0.292681
16142,0.053531,-0.977904,-0.291583
16157,0.04938,-0.966917,-0.295489
16173,0.056095,-0.951657,-0.287676
16188,0.054019,-0.950681,-0.289752
16204,0.056827,-0.966307,-0.290728
16220,0.051944,-0.984862,-0.294635
16236,0.054752,-0.988281,-0.291949
16251,0.052066,-0.979613,-0.294879
16266,0.057315,-0.974974,-0.295245
16282,0.056705,-0.971556,-0.297442
16298,0.048404,-0.960447,-0.295733
16313,0.048282,-0.96301,-0.297931
16329,0.050967,-0.966062,-0.289263
16345,0.049502,-0.969359,-0.28792
16360,0.048404,-0.969847,-0.288531
16376,0.047183,-0.972899,-0.288042
16392,0.051212,-0.969969,-0.285113
16408,0.05231,-0.980101,-0.289874
16423,0.055851,-0.986205,-0.288775
16438,0.051944,-0.976927,-0.289263
16454,0.049747,-0.96533,-0.287066
16470,0.05109,-0.961179,-0.295123
16485,0.048892,-0.96594,-0.285357
16501,0.049625,-0.960569,-0.289507
16517,0.048282,-0.960691,-0.287554
16532,0.046451,-0.963499,-0.286944
16548,0.047061,-0.966551,-0.288775
16564,0.050235,-0.964842,-0.29317
16579,0.051944,-0.971068,-0.289752
16595,0.053287,-0.967161,-0.289996
16610,0.055851,-0.973143,-0.291827
16626,0.056217,-0.969725,-0.289874
16642,0.058536,-0.967894,-0.282793
16657,0.055362,-0.95947,-0.292926
16673,0.054752,-0.986083,-0.293658
16688,0.056461,-0.981933,-0.289263
16704,0.057682,-0.983519,-0.288775
16720,0.056705,-0.985107,-0.288775
16735,0.056095,-0.981444,-0.289507
16751,0.055851,-0.977049,-0.286578
16766,0.054996,-0.966307,-0.289996
16782,0.056827,-0.963377,-0.291216
16798,0.054752,-0.966307,-0.293292
16813,0.059391,-0.979125,-0.291339
16829,0.05817,-0.980956,-0.291949
16845,0.057926,-0.97827,-0.28963
16860,0.057438,-0.966551,-0.290728
16876,0.057682,-0.95532,-0.292315
16891,0.060734,-0.958494,-0.295123
16907,0.055484,-0.960203,-0.295123
16923,0.054386,-0.967161,-0.28963
16940,0.054142,-0.965086,-0.292804
16954,0.056095,-0.963743,-0.288653
16970,0.058658,-0.963377,-0.289507
16985,0.056461,-0.966795,-0.286333
17001,0.064518,-0.968626,-0.291583
17017,0.063053,-0.972655,-0.294146
17032,0.057926,-0.976927,-0.295001
17049,0.060978,-0.97766,-0.288653
17063,0.065251,-0.979979,-0.291705
17079,0.060856,-0.985229,-0.295489
17095,0.059513,-0.988891,-0.287798
17110,0.060734,-0.991088,-0.290484
17126,0.060001,-0.988891,-0.2867
17141,0.056461,-0.978148,-0.289263
17157,0.051578,-0.963133,-0.28438
17173,0.052188,-0.961057,-0.284258
17188,0.056583,-0.960325,-0.286578
17204,0.054264,-0.969236,-0.291339
17220,0.052432,-0.97119,-0.291949
17235,0.05756,-0.973875,-0.288165
17251,0.057804,-0.970579,-0.288653
17266,0.058536,-0.969603,-0.28731
17282,0.055851,-0.972166,-0.290484
17298,0.058903,-0.969725,-0.28731
17313,0.059025,-0.973387,-0.28731
17330,0.063175,-0.980223,-0.289996
17345,0.059513,-0.981444,-0.290484
17360,0.060245,-0.982055,-0.291461
17376,0.064396,-0.983642,-0.293292
17392,0.063908,-0.9812,-0.292559
17407,0.067326,-0.983031,-0.295245
17423,0.064152,-0.981933,-0.291461
17438,0.062809,-0.977538,-0.292315
17454,0.065128,-0.977904,-0.292681
17471,0.060367,-0.977294,-0.28731
17485,0.064152,-0.968504,-0.289263
17501,0.063664,-0.966551,-0.289752
17516,0.064152,-0.965452,-0.288775
17532,0.059757,-0.951779,-0.286944
17548,0.059025,-0.965574,-0.285357
17564,0.057193,-0.979125,-0.28731
17579,0.057926,-0.979369,-0.286578
17595,0.064762,-0.968382,-0.290972
17610,0.064518,-0.95947,-0.294268
17626,0.057682,-0.960081,-0.286944
17642,0.051822,-0.966673,-0.288897
17657,0.053287,-0.983031,-0.287066
17673,0.05756,-0.988403,-0.292315
17688,0.062931,-0.986694,-0.294146
17704,0.071355,-0.984618,-0.294513
17720,0.077703,-0.975707,-0.291094
17735,0.075261,-0.969359,-0.291094
17751,0.070866,-0.959714,-0.295733
17767,0.066715,-0.964597,-0.291339
17782,0.068547,-0.970823,-0.2867
17798,0.068913,-0.968626,-0.285967
17813,0.068913,-0.968504,-0.287554
17829,0.067448,-0.968382,-0.290728
17845,0.066838,-0.969847,-0.287188
17860,0.067936,-0.972899,-0.291339
17876,0.071721,-0.966917,-0.291461
17892,0.067692,-0.970701,-0.302326
17907,0.07404,-0.967405,-0.298785
17923,0.07343,-0.970823,-0.295855
17938,0.0705,-0.970945,-0.28963
17954,0.063908,-0.963743,-0.287188
17970,0.063908,-0.966551,-0.286944
17985,0.065983,-0.974608,-0.284136
18002,0.062687,-0.981322,-0.289874
18017,0.056217,-0.973509,-0.28963
18032,0.059391,-0.965208,-0.287432
18050,0.063786,-0.970945,-0.291583
18063,0.062809,-0.9718,-0.285967
18079,0.057438,-0.97766,-0.287798
18095,0.058292,-0.975829,-0.28731
18110,0.055118,-0.977294,-0.289996
18126,0.052921,-0.979125,-0.290728
18142,0.052554,-0.977538,-0.292681
18157,0.065739,-0.97412,-0.290728
18173,0.070134,-0.972777,-0.296954
18188,0.075139,-0.973631,-0.291216
18204,0.070988,-0.973753,-0.284868
18220,0.067692,-0.982787,-0.286944
18235,0.066593,-0.979369,-0.28963
18251,0.0705,-0.977782,-0.287676
18266,0.071843,-0.974364,-0.288775
18282,0.070378,-0.96887,-0.291339
18298,0.066471,-0.959836,-0.289263
18314,0.067814,-0.960203,-0.287676
18329,0.070012,-0.963865,-0.283526
18345,0.065739,-0.960325,-0.279131
18360,0.061344,-0.968016,-0.281694
18376,0.061954,-0.974242,-0.287432
18391,0.063175,-0.976805,-0.286578
18407,0.066227,-0.978148,-0.284868
18423,0.066838,-0.977782,-0.279741
18438,0.06818,-0.975584,-0.281572
18454,0.068547,-0.970457,-0.282061
18470,0.062809,-0.960203,-0.287554
18485,0.060123,-0.968992,-0.287432
18501,0.061832,-0.975829,-0.29085
18516,0.067326,-0.964964,-0.285723
18533,0.059147,-0.967649,-0.281328
18548,0.057193,-0.976317,-0.285357
18564,0.060245,-0.979369,-0.285479
18579,0.062809,-0.967771,-0.291827
18595,0.062565,-0.968138,-0.289019
18610,0.066105,-0.97534,-0.289141
18626,0.061588,-0.979613,-0.288653
18641,0.061954,-0.977171,-0.288409
18657,0.065495,-0.970457,-0.295245
18673,0.070256,-0.979857,-0.289019
18688,0.06818,-0.976927,-0.285723
18704,0.061588,-0.976805,-0.278765
18720,0.059635,-0.977049,-0.278276
18735,0.056949,-0.984862,-0.281206
18751,0.059757,-0.988036,-0.282915
18767,0.058536,-0.991699,-0.282915
18782,0.063175,-0.983275,-0.286455
18798,0.06696,-0.971556,-0.286211
18813,0.062809,-0.966551,-0.286089
18829,0.055973,-0.965086,-0.287432
18845,0.057926,-0.975096,-0.285357
18860,0.060734,-0.973875,-0.285479
18876,0.065373,-0.968626,-0.284258
18891,0.063908,-0.965696,-0.289263
18907,0.063664,-0.969481,-0.289507
18923,0.065983,-0.967283,-0.292559
18938,0.05878,-0.961179,-0.284868
18954,0.06049,-0.95947,-0.2867
18970,0.065128,-0.964475,-0.286455
18985,0.068058,-0.969847,-0.287798
19001,0.065495,-0.975951,-0.29024
19016,0.061344,-0.979003,-0.287798
19032,0.059513,-0.979247,-0.285357
19049,0.060001,-0.986327,-0.283648
19065,0.060734,-0.984984,-0.279985
19079,0.061466,-0.9812,-0.283648
19095,0.061588,-0.977782,-0.284746
19110,0.06171,-0.97766,-0.282305
19126,0.065739,-0.982055,-0.287432
19142,0.069279,-0.981444,-0.287432
19157,0.065983,-0.97827,-0.28731
19173,0.069279,-0.97534,-0.289874
19189,0.063297,-0.971434,-0.284624
19204,0.061832,-0.969603,-0.284746
19220,0.062199,-0.977171,-0.290728
19235,0.070866,-0.964964,-0.285357
19251,0.067082,-0.964964,-0.284014
19267,0.065373,-0.964353,-0.284991
19282,0.067204,-0.96887,-0.279375
19298,0.064274,-0.972655,-0.284746
19313,0.061344,-0.980712,-0.285967
19330,0.066227,-0.978514,-0.283159
19345,0.065251,-0.97241,-0.289752
19360,0.070012,-0.969236,-0.287798
19376,0.07636,-0.964964,-0.28438
19395,0.065861,-0.972655,-0.281206
19407,0.060367,-0.973753,-0.279985
19423,0.062687,-0.970945,-0.276079
19438,0.0611,-0.964964,-0.282183
19454,0.06403,-0.951169,-0.281206
19470,0.06403,-0.954587,-0.280107
19485,0.056827,-0.965574,-0.284746
19501,0.053897,-0.984618,-0.277422
19516,0.047671,-0.992797,-0.279863
19532,0.050845,-0.992309,-0.282427
19548,0.050479,-1.001099,-0.280474
19564,0.058903,-1.00354,-0.29024
19579,0.054996,-0.999268,-0.289752
19596,0.055973,-0.992065,-0.286089
19611,0.055729,-0.979735,-0.282671
19626,0.067936,-0.978148,-0.28438
19641,0.071599,-0.980468,-0.279741
19657,0.077092,-0.983642,-0.28963
19673,0.077214,-0.978392,-0.28438
19688,0.068791,-0.978514,-0.278032
19704,0.073796,-0.97473,-0.279863
19720,0.070622,-0.974608,-0.279009
19735,0.069645,-0.972533,-0.277178
19751,0.067326,-0.984252,-0.272783
19767,0.061344,-0.987182,-0.273881
19782,0.063297,-0.988647,-0.279131
19798,0.061344,-0.981933,-0.278642
19813,0.055973,-0.972288,-0.280352
19829,0.050113,-0.979369,-0.276567
19845,0.052677,-0.987304,-0.271074
19860,0.047793,-0.991943,-0.270952
19876,0.045352,-0.944699,-0.272417
19892,0.052799,-0.929561,-0.275591
19907,0.052677,-0.928218,-0.282427
19923,0.050967,-0.935421,-0.28084
19938,0.054508,-0.938595,-0.286333
19954,0.055118,-0.949094,-0.288409
19970,0.059757,-0.94653,-0.286822
19985,0.062565,-0.956174,-0.286211
20001,0.065739,-0.967894,-0.292559
20017,0.066471,-0.975951,-0.291461
20032,0.066471,-0.975707,-0.293902
20049,0.066105,-0.975707,-0.293902
20063,0.061344,-0.970335,-0.294757
20079,0.057071,-0.97119,-0.29378
20096,0.054752,-0.985473,-0.287066
20110,0.055484,-0.997558,-0.28438
20127,0.059391,-0.998779,-0.282061
20142,0.059757,-0.979857,-0.282671
20157,0.060367,-0.980468,-0.288287
20173,0.053531,-0.972166,-0.291705
20188,0.050235,-0.967771,-0.287188
20204,0.04938,-0.982543,-0.284014
20220,0.04938,-0.992309,-0.277056
20235,0.057071,-0.977294,-0.280107
20252,0.057682,-0.976195,-0.2867
20266,0.053287,-0.975829,-0.288897
20282,0.0517,-0.97412,-0.286578
20298,0.04816,-0.966551,-0.284868
20314,0.046939,-0.96887,-0.283892
20329,0.047671,-0.971678,-0.288042
20345,0.050479,-0.972655,-0.282793
20360,0.059757,-0.964231,-0.279253
20376,0.059513,-0.964842,-0.279131
20392,0.058414,-0.967283,-0.28084
20407,0.058048,-0.966673,-0.281694
20423,0.061222,-0.96594,-0.282549
20439,0.071355,-0.956662,-0.283037
20454,0.070256,-0.958738,-0.283404
20470,0.068547,-0.966917,-0.282549
20485,0.065739,-0.964231,-0.282305
20501,0.063419,-0.976439,-0.273759
20517,0.085638,-0.99121,-0.257035
20532,0.094061,-1.008423,-0.260941
20548,0.122627,-1.033938,-0.244583
20564,0.113837,-1.01526,-0.246658
20579,0.066349,-0.938351,-0.322346
20595,0.106391,-1.003296,-0.304279
20610,0.249222,-1.102912,-0.175365
20626,0.084539,-1.193615,-0.05109
20642,0.072697,-1.18861,-0.326985
20659,0.098822,-1.180919,-0.198804
20673,0.10578,-1.092779,-0.193554
20689,0.11103,-1.049075,-0.204053
20704,0.117378,-1.016847,-0.215528
20720,0.100287,-0.998657,-0.265946
20735,0.058903,-1.0282,-0.305622
20751,0.036318,-1.03821,-0.322957
20767,0.013123,-1.017701,-0.376793
20782,0.00116,-0.9906,-0.414881
20798,0.021303,-0.965818,-0.418666
20813,0.01117,-0.908564,-0.383385
20829,-0.005921,-0.87719,-0.352622
20845,-0.022279,-0.858024,-0.307575
20860,-0.056461,-0.838003,-0.284991
20876,-0.064762,-0.850577,-0.275224
20892,-0.050967,-0.861198,-0.269609
20907,-0.051212,-0.879875,-0.295245
20923,-0.046817,-0.897088,-0.336874
20938,-0.044986,-0.919429,-0.360435
20954,-0.038882,-0.935421,-0.370323
20970,-0.035342,-0.928585,-0.377037
20985,-0.026674,-0.922847,-0.367027
21001,-0.019593,-0.917964,-0.363853
21017,-0.013978,-0.918574,-0.359092
21032,-0.016175,-0.916133,-0.360923
21049,-0.015931,-0.918696,-0.363975
21064,-0.019838,-0.925777,-0.375816
21079,-0.021791,-0.937496,-0.382897
21095,-0.021181,-0.943112,-0.385705
21110,-0.021547,-0.941159,-0.386437
21126,-0.024965,-0.932735,-0.395593
21141,-0.024232,-0.918086,-0.37899
