19,0.01996,0.469572,-0.902216
35,0.015443,0.471892,-0.899408
51,0.014344,0.480803,-0.889642
66,0.019716,0.488006,-0.888055
82,0.027162,0.499603,-0.883416
98,0.026674,0.509003,-0.875359
113,0.029482,0.511567,-0.875847
129,0.031679,0.513764,-0.875969
147,0.030458,0.517427,-0.875725
160,0.028871,0.520723,-0.875359
176,0.028261,0.521821,-0.875114
191,0.045962,0.504486,-0.879265
207,0.031801,0.480803,-0.891717
223,0.030825,0.445157,-0.915156
238,0.034853,0.442837,-0.907343
254,0.029726,0.454557,-0.908198
270,0.033632,0.449063,-0.904657
285,0.03351,0.449185,-0.904291
301,0.037905,0.456754,-0.905878
317,0.030092,0.465666,-0.904901
332,0.032656,0.441006,-0.909785
348,0.033022,0.439419,-0.915278
363,0.02936,0.439175,-0.914179
379,0.031679,0.464201,-0.90014
395,0.032045,0.468718,-0.900018
410,0.035342,0.495697,-0.885613
426,0.034609,0.482879,-0.891351
442,0.028017,0.51645,-0.878777
457,0.030214,0.493866,-0.885125
474,0.028627,0.441738,-0.909662
488,0.023866,0.418788,-0.916377
504,0.031191,0.422206,-0.920405
519,0.033266,0.426601,-0.915522
535,0.033022,0.429164,-0.917475
552,0.034853,0.432705,-0.915522
566,0.032656,0.449551,-0.909052
582,0.034853,0.467619,-0.89599
598,0.030458,0.477751,-0.895501
613,0.033266,0.480559,-0.894647
629,0.032778,0.496185,-0.886346
644,0.032778,0.480559,-0.890985
660,0.02997,0.46652,-0.897211
676,0.031191,0.463957,-0.904413
691,0.035097,0.457486,-0.904291
707,0.03351,0.494598,-0.889153
723,0.034487,0.46066,-0.905634
738,0.032167,0.461393,-0.901605
754,0.034609,0.465544,-0.902826
769,0.032656,0.446499,-0.908198
785,0.019716,0.435757,-0.917598
801,0.037905,0.462125,-0.902094
816,0.03937,0.466276,-0.898309
832,0.034365,0.469084,-0.900873
848,0.028627,0.464811,-0.902704
863,0.032045,0.472258,-0.898065
879,0.028993,0.472868,-0.898187
895,0.033754,0.465544,-0.902094
911,0.030458,0.46591,-0.90307
926,0.031557,0.468473,-0.897455
942,0.033999,0.46591,-0.896844
957,0.035097,0.466764,-0.898187
973,0.032778,0.465177,-0.900873
988,0.032534,0.476408,-0.897699
1005,0.031557,0.470427,-0.896234
1020,0.030703,0.461759,-0.897699
1035,0.023988,0.443203,-0.912348
1057,0.034365,0.436733,-0.915644
1067,0.034365,0.434536,-0.914057
1082,0.026552,0.432949,-0.916499
1098,0.035097,0.439907,-0.910029
1113,0.032045,0.469938,-0.900018
1129,0.033388,0.474699,-0.897577
1146,0.031435,0.463834,-0.902216
1160,0.030458,0.46237,-0.901239
1176,0.033022,0.471647,-0.899652
1192,0.032656,0.457731,-0.904169
1207,0.030825,0.458585,-0.900995
1223,0.029726,0.456754,-0.90014
1238,0.034121,0.467497,-0.900629
1254,0.032778,0.472868,-0.894769
1269,0.03229,0.479949,-0.892694
1285,0.031923,0.47885,-0.894891
1301,0.036562,0.479216,-0.891351
1316,0.036562,0.480681,-0.893304
1332,0.029482,0.477263,-0.89599
1348,0.03229,0.478118,-0.892938
1363,0.031557,0.482756,-0.892083
1379,0.033877,0.466398,-0.900629
1394,0.031313,0.455533,-0.904779
1410,0.028627,0.447842,-0.910273
1426,0.031801,0.447598,-0.904169
1442,0.034609,0.466276,-0.897455
1457,0.032045,0.479949,-0.895013
1473,0.032534,0.472502,-0.897455
1488,0.034609,0.47177,-0.895501
1504,0.031191,0.465666,-0.902704
1519,0.030825,0.467741,-0.90014
1536,0.030458,0.465177,-0.898065
1551,0.031801,0.464933,-0.900751
1567,0.032778,0.467008,-0.898675
1582,0.033632,0.470183,-0.896966
1598,0.033877,0.476408,-0.897943
1613,0.031923,0.477141,-0.893914
1629,0.0329,0.470305,-0.900262
1644,0.030458,0.46237,-0.89892
1660,0.032778,0.456021,-0.905146
1676,0.033999,0.454679,-0.904901
1691,0.031557,0.460416,-0.908075
1707,0.032778,0.467131,-0.897821
1723,0.031069,0.477873,-0.894525
1738,0.030825,0.475188,-0.894281
1754,0.033144,0.478362,-0.898065
1769,0.031191,0.481047,-0.890252
1785,0.037417,0.470183,-0.900385
1807,0.031069,0.457242,-0.902582
1823,0.033022,0.462247,-0.903925
1846,0.034121,0.463346,-0.900385
1862,0.027773,0.453092,-0.901727
1878,0.035952,0.470427,-0.899042
1893,0.033632,0.467131,-0.898675
1909,0.030703,0.463102,-0.898675
1924,0.034365,0.468107,-0.899286
1940,0.033144,0.478362,-0.892938
1956,0.031191,0.482634,-0.893182
1973,0.030458,0.475066,-0.896234
1987,0.030092,0.464445,-0.898187
2003,0.034365,0.466642,-0.901361
2018,0.031679,0.467741,-0.899042
2034,0.030214,0.459806,-0.900385
2049,0.030825,0.468229,-0.899774
2066,0.033388,0.466886,-0.900507
2081,0.028749,0.462736,-0.898309
2096,0.032534,0.46884,-0.90246
2112,0.034121,0.476164,-0.899774
2127,0.032656,0.47824,-0.893426
2145,0.033266,0.480559,-0.892327
2159,0.033022,0.483367,-0.890618
2174,0.030336,0.483123,-0.893304
2190,0.02997,0.482512,-0.898798
2206,0.031923,0.481414,-0.898309
2221,0.033144,0.486663,-0.890496
2237,0.033022,0.480803,-0.889642
2253,0.031435,0.463224,-0.902338
2269,0.034609,0.454679,-0.906244
2284,0.032656,0.443692,-0.9154
2300,0.030458,0.456632,-0.90539
2315,0.032778,0.473356,-0.897699
2331,0.034853,0.485931,-0.893914
2346,0.032412,0.469938,-0.900873
2362,0.031069,0.473967,-0.897821
2378,0.02997,0.47531,-0.896356
2393,0.030825,0.462247,-0.903314
2409,0.032045,0.483977,-0.897088
2424,0.033022,0.476775,-0.893426
2440,0.032778,0.461637,-0.901605
2456,0.0329,0.450772,-0.910273
2471,0.031313,0.45297,-0.905268
2487,0.033877,0.461759,-0.905634
2502,0.032534,0.464201,-0.899652
2518,0.030947,0.47177,-0.900018
2534,0.034609,0.476164,-0.895868
2550,0.033144,0.474577,-0.894403
2565,0.036684,0.469816,-0.898553
2581,0.033144,0.470915,-0.902582
2597,0.030581,0.474211,-0.898309
2612,0.029726,0.488494,-0.893182
2628,0.030703,0.480315,-0.893548
2643,0.034121,0.468962,-0.896966
2659,0.028261,0.463957,-0.899286
2674,0.031069,0.460294,-0.90246
2690,0.034975,0.452359,-0.905878
2706,0.032167,0.448941,-0.906977
2721,0.033144,0.458829,-0.905146
2737,0.034731,0.46945,-0.896234
2753,0.034243,0.470549,-0.897455
2768,0.029848,0.470549,-0.90307
2784,0.033266,0.470549,-0.89892
2799,0.032412,0.463224,-0.900262
2815,0.034487,0.463102,-0.90661
2831,0.031923,0.460172,-0.905634
2846,0.037783,0.459562,-0.905512
2862,0.034609,0.452115,-0.903925
2878,0.034731,0.458219,-0.905512
2893,0.030336,0.459684,-0.902338
2909,0.031435,0.462003,-0.899164
2925,0.031801,0.45651,-0.903803
2940,0.034121,0.455411,-0.906122
2956,0.036806,0.450528,-0.902338
2971,0.031191,0.459562,-0.903803
2987,0.033877,0.465421,-0.900385
3003,0.032045,0.45419,-0.904657
3018,0.028749,0.475432,-0.895746
3034,0.032656,0.476042,-0.894525
3049,0.036684,0.479583,-0.896112
3065,0.032656,0.483245,-0.896112
3081,0.031191,0.451993,-0.907221
3096,0.031679,0.449429,-0.905146
3112,0.032778,0.458463,-0.905146
3129,0.032167,0.46298,-0.90307
3145,0.031435,0.469816,-0.898065
3159,0.035952,0.461149,-0.902582
3174,0.033144,0.465666,-0.901972
3190,0.032167,0.470305,-0.901239
3206,0.035708,0.460294,-0.90185
3221,0.032412,0.460172,-0.90307
3237,0.035708,0.46298,-0.904413
3253,0.029726,0.465055,-0.899286
3268,0.033144,0.457364,-0.906366
3284,0.032778,0.454435,-0.905756
3299,0.033754,0.462736,-0.902582
3315,0.02936,0.46591,-0.899896
3331,0.029238,0.463834,-0.897943
3346,0.036562,0.466398,-0.900873
3362,0.030825,0.458585,-0.906488
3377,0.031679,0.451138,-0.909907
3393,0.028383,0.459562,-0.90307
3409,0.028627,0.467497,-0.899774
3424,0.032656,0.462125,-0.900751
3440,0.032534,0.465666,-0.906733
3456,0.032534,0.463834,-0.903681
3471,0.032045,0.461149,-0.901972
3487,0.033266,0.459195,-0.902338
3503,0.034975,0.457608,-0.901605
3518,0.033632,0.458707,-0.90832
3534,0.033754,0.459928,-0.900507
3550,0.030703,0.462247,-0.903436
3565,0.030336,0.45419,-0.906733
3581,0.033388,0.449307,-0.909174
3596,0.031435,0.450284,-0.904169
3612,0.031923,0.455777,-0.905878
3628,0.032045,0.458463,-0.906855
3643,0.035464,0.454435,-0.908442
3660,0.03229,0.46237,-0.905146
3675,0.034487,0.459928,-0.90185
3690,0.03229,0.455777,-0.903192
3706,0.029848,0.453824,-0.906977
3721,0.031435,0.45651,-0.904901
3737,0.030336,0.458829,-0.902338
3752,0.030703,0.459318,-0.902094
3768,0.034243,0.458341,-0.903314
3784,0.034731,0.462125,-0.903925
3799,0.035219,0.463957,-0.900507
3815,0.034243,0.454923,-0.907099
3831,0.031557,0.450406,-0.907709
3846,0.033022,0.447842,-0.906366
3862,0.033022,0.458707,-0.908564
3878,0.030092,0.455533,-0.903925
3893,0.033632,0.450772,-0.908075
3909,0.031679,0.455899,-0.903681
3924,0.031069,0.452847,-0.912104
3940,0.035464,0.447476,-0.909174
3956,0.032534,0.449307,-0.906733
3971,0.031191,0.45297,-0.906733
3988,0.030947,0.448331,-0.911738
4002,0.031191,0.445401,-0.911494
4018,0.035097,0.454557,-0.907709
4034,0.033022,0.459562,-0.904047
4049,0.0329,0.457242,-0.90539
4065,0.030825,0.458829,-0.903559
4081,0.028993,0.453458,-0.906244
4096,0.02997,0.449185,-0.90661
4112,0.029482,0.448208,-0.90832
4127,0.030458,0.449185,-0.905512
4144,0.033144,0.45004,-0.904535
4159,0.032045,0.445279,-0.910273
4174,0.031801,0.450528,-0.904291
4192,0.031191,0.454312,-0.911372
4206,0.028627,0.446499,-0.903681
4221,0.035219,0.457853,-0.902216
4237,0.029848,0.464201,-0.898798
4252,0.031313,0.477141,-0.894891
4268,0.031069,0.46237,-0.903559
4284,0.033999,0.439907,-0.912714
4299,0.035097,0.424647,-0.922359
4315,0.032412,0.410609,-0.929561
4331,0.030336,0.425502,-0.919795
4346,0.033144,0.421962,-0.92187
4362,0.032045,0.457853,-0.906122
4378,0.030825,0.483245,-0.890618
4393,0.033877,0.487396,-0.888543
4409,0.035464,0.491424,-0.88952
4424,0.030947,0.483123,-0.890008
4440,0.029116,0.470305,-0.903803
4456,0.033266,0.442959,-0.909785
4471,0.030214,0.443936,-0.910883
4487,0.033877,0.451627,-0.912104
4503,0.037173,0.455167,-0.903681
4518,0.033999,0.454923,-0.905756
4534,0.03229,0.45126,-0.905878
4549,0.031191,0.458219,-0.901972
4566,0.034975,0.454068,-0.907465
4581,0.033022,0.448697,-0.907709
4596,0.034975,0.443692,-0.914179
4612,0.034243,0.44711,-0.911372
4628,0.033754,0.445767,-0.909785
4643,0.030458,0.459195,-0.905634
4659,0.031923,0.464445,-0.902094
4674,0.033144,0.45651,-0.905634
4690,0.02936,0.449185,-0.910395
4706,0.032167,0.451505,-0.907343
4723,0.031679,0.449185,-0.906366
4737,0.035464,0.448819,-0.907953
4752,0.032412,0.454068,-0.90661
4768,0.034731,0.454557,-0.90661
4784,0.034975,0.45712,-0.909418
4799,0.033144,0.458219,-0.904291
4815,0.030581,0.455045,-0.908198
4831,0.033877,0.455167,-0.906977
4846,0.031801,0.448575,-0.905512
4862,0.030458,0.449063,-0.909662
4893,0.030703,0.453336,-0.911005
4909,0.034243,0.456021,-0.906977
4925,0.0329,0.45651,-0.907221
4940,0.033877,0.452725,-0.905634
4956,0.033754,0.450772,-0.912714
4971,0.035464,0.452481,-0.907831
4987,0.029482,0.45712,-0.903436
5002,0.032167,0.465544,-0.901239
5018,0.03229,0.462247,-0.899042
5034,0.030092,0.462125,-0.905512
5049,0.034365,0.443081,-0.912104
5065,0.031313,0.443814,-0.911494
5081,0.034121,0.45712,-0.907709
5096,0.031801,0.462125,-0.90893
5112,0.030336,0.465421,-0.899408
5127,0.034487,0.469328,-0.903803
5145,0.035097,0.46359,-0.902582
5159,0.0329,0.462492,-0.901483
5174,0.031069,0.454068,-0.907709
5190,0.034731,0.458097,-0.908442
5206,0.034609,0.457731,-0.904779
5221,0.031313,0.45419,-0.905512
5237,0.032412,0.451627,-0.904047
5254,0.035952,0.459928,-0.910395
5268,0.028383,0.450772,-0.912592
5284,0.033266,0.448697,-0.907465
5299,0.035219,0.451871,-0.908442
5315,0.033022,0.451627,-0.906122
5331,0.033999,0.447598,-0.910395
5346,0.034487,0.457731,-0.903192
5362,0.035708,0.468718,-0.896844
5378,0.031923,0.470549,-0.904413
5393,0.035586,0.470427,-0.902582
5409,0.030825,0.465544,-0.904535
5425,0.032167,0.457242,-0.90307
5440,0.02289,0.454557,-0.908075
5456,0.028749,0.446988,-0.909052
5471,0.031801,0.446622,-0.906855
5487,0.029238,0.46298,-0.90307
5503,0.033754,0.449063,-0.907465
5518,0.03229,0.452481,-0.908564
5534,0.028383,0.451138,-0.909662
5550,0.033632,0.466276,-0.899042
5565,0.034609,0.459684,-0.897699
5581,0.031679,0.458951,-0.906855
5597,0.032167,0.449795,-0.906977
5612,0.031923,0.446988,-0.905878
5628,0.031313,0.455777,-0.91186
5643,0.031801,0.450406,-0.907953
5659,0.034731,0.451993,-0.910151
5674,0.033999,0.457853,-0.903803
5690,0.032778,0.457853,-0.909785
5706,0.032778,0.456876,-0.905756
5722,0.035464,0.459318,-0.905756
5737,0.032534,0.458707,-0.903436
5753,0.034487,0.448331,-0.906122
5768,0.034731,0.460905,-0.901972
5785,0.031923,0.456388,-0.910151
5799,0.030581,0.458829,-0.906977
5815,0.032778,0.456754,-0.902094
5831,0.032656,0.463102,-0.90307
5846,0.030092,0.457731,-0.904901
5862,0.034243,0.460783,-0.900995
5878,0.030581,0.459562,-0.901972
5893,0.031191,0.449673,-0.901117
5909,0.029726,0.455533,-0.903559
5924,0.030947,0.457608,-0.905268
5940,0.033266,0.46652,-0.901239
5956,0.029848,0.457486,-0.912104
5971,0.034121,0.44711,-0.908686
5988,0.032656,0.439175,-0.913325
6003,0.033266,0.446988,-0.909052
6018,0.030214,0.445767,-0.907831
6034,0.029726,0.442593,-0.906488
6050,0.033388,0.449063,-0.906977
6065,0.030703,0.459684,-0.903192
6081,0.02997,0.465055,-0.901239
6097,0.03351,0.464445,-0.904169
6112,0.033388,0.465299,-0.903681
6128,0.028627,0.457608,-0.903559
6143,0.034609,0.459318,-0.907831
6159,0.033022,0.45358,-0.903681
6175,0.034487,0.452237,-0.903681
6190,0.03351,0.458097,-0.906855
6206,0.034121,0.457486,-0.906977
6221,0.032656,0.458951,-0.906244
6237,0.030214,0.469938,-0.899896
6253,0.035464,0.462247,-0.896966
6268,0.029238,0.451993,-0.909662
6284,0.033999,0.44772,-0.910273
6299,0.033266,0.447476,-0.907709
6316,0.031069,0.454923,-0.903803
6331,0.030825,0.464811,-0.902582
6346,0.033266,0.464933,-0.902826
6362,0.035097,0.458707,-0.902216
6377,0.03229,0.449551,-0.904779
6393,0.032778,0.444302,-0.90832
6409,0.035464,0.44357,-0.911494
6424,0.033388,0.450284,-0.906488
6440,0.035586,0.45944,-0.906733
6456,0.032045,0.464323,-0.900018
6471,0.031069,0.467131,-0.903192
6487,0.033632,0.46237,-0.904535
6503,0.032656,0.46298,-0.903681
6518,0.030092,0.462736,-0.90185
6534,0.033632,0.460538,-0.907221
6549,0.031801,0.462247,-0.905268
6565,0.031435,0.458219,-0.907221
6581,0.034609,0.456021,-0.905512
6596,0.030214,0.460172,-0.911372
6612,0.032167,0.446988,-0.908686
6627,0.030581,0.44418,-0.912592
6643,0.033388,0.467619,-0.898309
6659,0.033022,0.464811,-0.901727
6675,0.031679,0.465177,-0.900507
6690,0.034365,0.461881,-0.903803
6706,0.032778,0.452603,-0.905634
6721,0.032167,0.444058,-0.913325
6737,0.030458,0.452481,-0.907587
6752,0.030336,0.45712,-0.904047
6768,0.02997,0.459684,-0.904291
6784,0.033388,0.453214,-0.90661
6799,0.030703,0.454557,-0.904657
6815,0.031435,0.464201,-0.901727
6831,0.033754,0.453458,-0.906122
6847,0.033266,0.45651,-0.90832
6862,0.030092,0.449918,-0.906733
6878,0.033877,0.44772,-0.913813
6893,0.0329,0.459562,-0.90539
6909,0.034365,0.461759,-0.89953
6924,0.0329,0.466276,-0.898309
6940,0.030092,0.459073,-0.897333
6956,0.033388,0.448697,-0.910639
6971,0.033877,0.441983,-0.90954
6987,0.030092,0.438809,-0.912348
7003,0.030703,0.452725,-0.908686
7018,0.031191,0.457486,-0.902338
7034,0.03229,0.471647,-0.902338
7049,0.031191,0.45126,-0.907099
7065,0.031679,0.45358,-0.909662
7081,0.032412,0.459562,-0.909296
7096,0.036196,0.46066,-0.907953
7112,0.029604,0.456632,-0.903314
7128,0.031679,0.460905,-0.905024
7145,0.027162,0.45944,-0.900385
7159,0.033754,0.456876,-0.901117
7174,0.031191,0.448697,-0.905512
7190,0.030947,0.448819,-0.911127
7206,0.031191,0.453702,-0.908442
7221,0.032778,0.464567,-0.902216
7237,0.032534,0.453214,-0.904657
7252,0.033632,0.460172,-0.904657
7268,0.030581,0.451505,-0.908808
7284,0.031557,0.450162,-0.908075
7299,0.02997,0.45358,-0.905024
7315,0.033022,0.458219,-0.903925
7331,0.032412,0.453336,-0.903436
7346,0.034243,0.451383,-0.907709
7362,0.034121,0.455777,-0.907465
7379,0.03229,0.455289,-0.90246
7393,0.032656,0.453214,-0.905878
7409,0.033754,0.457242,-0.906
7424,0.030825,0.456632,-0.906733
7440,0.029482,0.459195,-0.903314
7456,0.027529,0.45358,-0.906
7471,0.032167,0.449307,-0.905268
7487,0.030214,0.455289,-0.905634
7503,0.028993,0.462003,-0.906855
7518,0.029604,0.445767,-0.910761
7534,0.031435,0.441494,-0.916499
7549,0.031923,0.440518,-0.907831
7565,0.029848,0.454557,-0.907465
7581,0.02997,0.461027,-0.903925
7596,0.033632,0.463224,-0.899896
7612,0.033632,0.465177,-0.902826
7627,0.036929,0.461637,-0.901727
7643,0.033022,0.455045,-0.907099
7659,0.030703,0.460294,-0.905756
7674,0.035097,0.455045,-0.906977
7690,0.032656,0.45358,-0.906855
7706,0.031313,0.451871,-0.910029
7721,0.035586,0.445767,-0.907587
7737,0.03351,0.455533,-0.904535
7753,0.034243,0.458463,-0.904169
7768,0.031801,0.465666,-0.900995
7784,0.03351,0.466642,-0.904291
7799,0.033144,0.450406,-0.906855
7815,0.02997,0.451871,-0.908075
7831,0.033144,0.44125,-0.911738
7846,0.031435,0.449673,-0.913569
7862,0.031435,0.455899,-0.908564
7878,0.033266,0.470427,-0.900385
7893,0.034975,0.464689,-0.903436
7910,0.026064,0.442837,-0.912592
7924,0.031923,0.44186,-0.910761
7940,0.030825,0.441372,-0.913813
7956,0.033266,0.442105,-0.9154
7971,0.030825,0.444058,-0.915766
7987,0.033144,0.456876,-0.90246
8004,0.030214,0.463468,-0.8966
8018,0.031557,0.468351,-0.899652
8034,0.034975,0.452603,-0.906977
8049,0.0329,0.444912,-0.913081
8065,0.035342,0.443081,-0.912348
8081,0.034975,0.442959,-0.910151
8096,0.032045,0.461393,-0.903192
8112,0.034487,0.455167,-0.906
8128,0.034609,0.449918,-0.903803
8145,0.028383,0.449551,-0.909662
8159,0.034243,0.446866,-0.912348
8174,0.034853,0.44418,-0.913447
8190,0.032656,0.44186,-0.908564
8206,0.034975,0.460294,-0.906488
8221,0.02936,0.480193,-0.894403
8237,0.029116,0.480925,-0.892205
8253,0.032534,0.464323,-0.902826
8268,0.03351,0.436489,-0.914912
8284,0.02936,0.429775,-0.917842
8299,0.031923,0.445157,-0.907709
8315,0.038149,0.456632,-0.903192
8331,0.028871,0.461393,-0.903681
8346,0.033632,0.458585,-0.905024
8362,0.029726,0.452481,-0.907099
8378,0.033877,0.456998,-0.906244
8393,0.03351,0.457486,-0.907343
8409,0.033388,0.454801,-0.907099
8424,0.030947,0.449673,-0.90954
8441,0.034243,0.461149,-0.907587
8456,0.033022,0.45419,-0.902948
8471,0.031801,0.453214,-0.903314
8487,0.032045,0.448086,-0.911616
8503,0.031557,0.442105,-0.913813
8518,0.028627,0.447842,-0.911127
8534,0.033388,0.447476,-0.906488
8549,0.031435,0.453824,-0.908442
8565,0.031191,0.448697,-0.910883
8582,0.0329,0.451505,-0.909174
8596,0.034487,0.455411,-0.906488
8612,0.034365,0.458463,-0.904901
8628,0.035097,0.467497,-0.901605
8643,0.030703,0.466276,-0.902338
8659,0.030703,0.462736,-0.899042
8674,0.032778,0.446377,-0.911005
8694,0.03229,0.439785,-0.913325
8706,0.031679,0.457364,-0.904901
8721,0.031069,0.468351,-0.898065
8737,0.029238,0.44479,-0.915156
8752,0.033999,0.448453,-0.910395
8768,0.032656,0.457242,-0.904535
8784,0.031923,0.471037,-0.898675
8799,0.031923,0.465421,-0.901972
8815,0.034243,0.450894,-0.904535
8831,0.033632,0.447354,-0.911127
8846,0.030581,0.440273,-0.910395
8862,0.033388,0.439907,-0.916255
8877,0.032412,0.44418,-0.914057
8893,0.032045,0.458463,-0.902338
8909,0.036684,0.466276,-0.897821
8924,0.028383,0.464079,-0.904291
8940,0.034609,0.468229,-0.901361
8956,0.031557,0.465666,-0.899774
8972,0.033877,0.458585,-0.900385
8987,0.034853,0.44711,-0.90832
9003,0.030947,0.440884,-0.911249
9018,0.033388,0.446988,-0.910883
9034,0.029116,0.449673,-0.907343
9049,0.034121,0.449185,-0.907465
9065,0.0329,0.456632,-0.903803
9081,0.028871,0.456266,-0.906855
9096,0.032045,0.451749,-0.910395
9112,0.032534,0.447964,-0.909785
9128,0.0329,0.447232,-0.907343
9145,0.033877,0.448941,-0.911372
9159,0.031923,0.446622,-0.906977
9174,0.031191,0.445767,-0.913813
9190,0.033266,0.46005,-0.905756
9206,0.030458,0.458829,-0.904535
9221,0.031801,0.458341,-0.901727
9237,0.03229,0.461637,-0.902582
9252,0.030214,0.461027,-0.904779
9268,0.031923,0.457853,-0.909052
9284,0.032534,0.453824,-0.904779
9299,0.03583,0.461027,-0.903436
9315,0.038516,0.460294,-0.902704
9331,0.031557,0.454435,-0.910639
9346,0.031069,0.450894,-0.907831
9362,0.033877,0.44772,-0.911372
9377,0.038638,0.453702,-0.905146
9393,0.0329,0.45944,-0.907709
9409,0.031557,0.452847,-0.904779
9424,0.030947,0.450406,-0.904779
9440,0.034975,0.448208,-0.911127
9456,0.031557,0.450894,-0.908198
9471,0.033388,0.452237,-0.90539
9487,0.03351,0.447598,-0.909296
9504,0.033022,0.449918,-0.912714
9518,0.034365,0.45126,-0.908198
9534,0.030581,0.450772,-0.907099
9549,0.032656,0.451993,-0.909052
9565,0.035342,0.456144,-0.901483
9581,0.033388,0.494964,-0.883538
9596,0.02997,0.489471,-0.892938
9612,0.046817,0.459073,-0.912836
9627,0.05109,0.439053,-0.918086
9643,0.058658,0.420009,-0.9154
9659,0.031557,0.443447,-0.915034
9674,0.035097,0.451016,-0.904047
9690,0.04523,0.438076,-0.909174
9706,0.060978,0.468473,-0.985839
9721,0.100775,0.451138,-1.046878
9737,0.115669,0.437588,-1.066166
9753,0.108832,0.435879,-1.064091
9768,0.075505,0.447964,-1.025758
9784,0.048526,0.464933,-0.983031
9799,0.022523,0.50119,-0.920039
9815,0.031679,0.561985,-1.007569
9831,0.004212,0.461393,-1.023927
9846,-0.014955,0.462247,-0.974364
9862,-0.014344,0.446622,-0.966184
9878,-0.015077,0.435634,-0.963987
9893,-0.018617,0.426967,-0.961668
9909,-0.157786,0.448086,-0.882927
9925,-0.130074,0.561863,-0.794665
9940,-0.017518,0.726912,-0.792468
9956,-0.081853,0.780504,-0.634621
9971,0.021058,0.737777,-0.685528
9987,0.067448,0.631447,-0.701154
10004,0.101386,0.749252,-0.615577
10018,0.158762,0.804554,-0.357505
10035,0.190624,0.821644,-0.333822
10049,0.25557,0.926753,-0.347983
10065,0.235305,0.955686,-0.347006
10081,0.176585,0.829457,-0.185253
10096,0.213697,0.868644,-0.091131
10112,0.247757,0.883904,-0.083074
10128,0.239578,0.986205,-0.111396
10145,0.241042,0.934444,-0.083928
10159,0.147531,0.894769,-0.11518
10174,0.116767,0.862418,-0.055851
10190,0.083806,0.913935,-0.077825
10206,0.078557,1.005127,0.002991
10221,0.031801,1.093878,0.068058
10237,-0.180248,1.174571,0.097357
10252,-0.172679,1.294207,0.090765
10268,-0.308552,1.164439,0.052432
10284,-0.014344,0.981444,0.093695
10299,0.101019,0.900385,0.143258
10315,0.11225,0.933223,0.196972
10331,0.094183,1.024904,0.440762
10346,0.004578,1.128304,0.440029
10362,-0.044986,1.019288,0.45358
10377,-0.017152,0.966551,0.429286
10393,-0.000794,0.829824,0.340414
10409,0.012635,0.810047,0.304279
10424,0.057926,0.839224,0.30904
10440,0.056339,0.838491,0.530367
10456,0.069157,0.976805,0.568699
10471,0.027284,0.860953,0.666117
10487,-0.017274,0.76793,0.667216
10503,-0.06171,0.840444,0.659769
10518,-0.063297,0.847647,0.659037
10534,-0.034121,0.890252,0.665141
10549,-0.031679,0.87487,0.660746
10567,-0.008118,0.712263,0.600317
10581,0.167796,0.548556,0.681011
10596,0.115913,0.631203,0.78026
10612,0.000671,0.592871,0.796496
10628,-0.002625,0.416834,0.820912
10643,0.052432,0.289874,0.832875
10659,0.062443,0.357749,0.887444
10674,0.02289,0.440151,0.939816
10690,-0.009583,0.392907,0.917353
10706,0.043643,0.360679,0.913081
10721,0.024232,0.349326,0.93066
10737,0.040713,0.180858,0.910639
10752,0.058414,0.092474,0.918208
10768,0.094305,-0.003357,0.92834
10784,0.099188,0.030336,0.993652
10799,0.031801,0.102851,1.060795
10815,0.004578,0.018739,1.010743
10831,0.076604,-0.036074,0.99707
10846,0.05231,-0.218336,0.910273
10862,0.056705,-0.334066,0.910517
10877,0.147043,-0.252396,1.027101
10893,-0.031191,-0.093328,1.095587
10909,0.026552,0.041079,1.110602
10924,0.046939,-0.167674,0.965696
10940,0.024232,-0.289385,0.856925
10956,0.010682,-0.307819,0.823354
10971,0.04291,-0.337728,0.739486
10987,0.143747,-0.094427,0.869865
11002,0.054508,-0.111884,0.953244
11018,-0.025087,-0.243606,0.934566
11034,-0.046084,-0.286211,0.813221
11049,0.081975,-0.246292,0.86547
11065,0.131783,-0.222487,0.916743
11081,0.034365,-0.269365,0.957151
11097,0.04816,-0.457609,1.010133
11112,-0.008729,-0.624123,0.995727
11128,-0.055484,-0.565525,1.001465
11143,-0.057071,-0.553073,1.00586
11159,-0.056949,-0.542819,1.009522
11174,-0.056949,-0.535006,1.008301
11190,0.041201,-0.341268,1.057987
11206,0.028749,-0.144601,1.014649
11221,0.088323,-0.223707,0.942135
11237,0.047671,-0.343344,0.921748
11252,-0.00116,-0.331136,0.92773
11268,0.02643,-0.388146,0.93066
11284,0.003357,-0.29085,0.938107
11299,0.010193,-0.30904,0.944821
11315,0.002014,-0.316609,0.920894
11331,0.004456,-0.30611,0.89306
11346,0.008851,-0.285967,0.896844
11362,-0.025209,-0.249466,0.903314
11377,-0.004944,-0.233474,0.92773
11393,0.013368,-0.270097,0.914668
11409,0.011292,-0.292071,0.935787
11424,-0.00238,-0.319661,0.953
11440,-0.026918,-0.350058,0.95947
11456,-0.037173,-0.367759,0.973631
11471,-0.015687,-0.346762,0.97241
11487,0.002747,-0.343954,0.946286
11503,0.009217,-0.345297,0.941769
11518,0.010804,-0.313191,0.954099
11534,0.012635,-0.299884,0.966673
11549,0.003601,-0.286578,0.971922
11565,0.011414,-0.329549,0.965208
11581,-0.011903,-0.353964,0.94946
11596,-0.006775,-0.32552,0.941769
11612,-0.000671,-0.284991,0.928707
11629,0.006409,-0.302814,0.927242
11643,0.018373,-0.327962,0.93713
11659,0.010193,-0.348349,0.938351
11674,0.010316,-0.334798,0.93713
11690,-0.002258,-0.313313,0.938595
11706,-0.003723,-0.297687,0.924556
11721,-0.001282,-0.313557,0.91186
11737,0.008362,-0.308185,0.922725
11752,0.012391,-0.308063,0.926998
11768,0.015077,-0.321614,0.946896
11784,0.015687,-0.321614,0.949582
11799,0.01764,-0.324788,0.95239
11815,0.02289,-0.336874,0.960081
11831,0.025209,-0.352377,0.954709
11846,0.021181,-0.326131,0.961423
11862,0.010193,-0.308185,0.934322
11878,0.000305,-0.342977,0.912592
11893,-0.000305,-0.291949,0.949216
11909,0.007142,-0.301715,0.932857
11924,0.012391,-0.321736,0.921504
11940,0.015809,-0.310993,0.924922
11956,0.009827,-0.304157,0.941281
11971,0.007874,-0.315998,0.93713
11987,0.008484,-0.322713,0.935299
12003,0.000793,-0.323323,0.929927
12019,0.000427,-0.349203,0.927242
12034,0.002258,-0.327962,0.92419
12049,0.010438,-0.310627,0.938717
12065,0.014222,-0.295611,0.943478
12081,0.015077,-0.31844,0.935055
12096,0.015443,-0.323567,0.931881
12112,0.004822,-0.317097,0.934688
12128,0.006653,-0.321248,0.931636
12144,0.007142,-0.320637,0.930171
12160,0.005188,-0.321003,0.933468
12174,0.007874,-0.316731,0.935177
12190,0.00177,-0.321248,0.939327
12206,0.005432,-0.316853,0.926387
12221,0.007996,-0.327229,0.92126
12237,0.004212,-0.312336,0.9436
12252,0.00116,-0.298907,0.941281
12268,0.000183,-0.306354,0.925533
12284,0.003601,-0.318562,0.912959
12300,0.00409,-0.324422,0.915644
12315,0.003723,-0.322468,0.939327
12331,-0.003113,-0.336507,0.944821
12346,0.008484,-0.327229,0.958494
12362,0.011903,-0.312092,0.945187
12377,0.016175,-0.320027,0.928584
12393,0.01056,-0.327962,0.918086
12409,0.009827,-0.330403,0.919917
12425,0.01117,-0.332723,0.918086
12440,0.012025,-0.332357,0.921504
12456,0.012635,-0.332967,0.926998
12472,0.007508,-0.332723,0.92773
12487,-0.006897,-0.311481,0.934811
12503,-0.002625,-0.3055,0.945797
12518,-0.002503,-0.316853,0.930782
12534,0.001038,-0.317341,0.93127
12549,0.006043,-0.322468,0.930782
12565,0.006653,-0.311115,0.928829
12581,0.006165,-0.308552,0.937252
12597,0.00177,-0.305866,0.947873
12612,0.007874,-0.334432,0.935665
12627,0.006653,-0.327474,0.924068
12643,0.00702,-0.30611,0.925288
12659,0.006897,-0.307087,0.932979
12674,0.009339,-0.324666,0.948239
12691,0.004212,-0.336019,0.948361
12706,0.013123,-0.347372,0.943722
12721,0.01471,-0.355307,0.939205
12737,0.005066,-0.331258,0.935299
12753,-0.002014,-0.309284,0.9342
12768,-0.008118,-0.297565,0.929317
12784,-0.013001,-0.300983,0.924068
12799,0.000061,-0.323689,0.923579
12815,0.010682,-0.325154,0.917598
12831,0.02057,-0.317952,0.912226
12846,0.014466,-0.303302,0.908075
12862,0.009583,-0.300617,0.926875
12877,0.001526,-0.320881,0.938351
12893,-0.001404,-0.331746,0.944577
12909,0.001526,-0.341879,0.946652
12925,0.004578,-0.341879,0.944332
12940,0.005432,-0.326497,0.932735
12956,0.00409,-0.319416,0.927974
12971,0.007264,-0.316487,0.926631
12987,0.004456,-0.315144,0.932613
13003,0.010071,-0.316975,0.93652
13018,0.002503,-0.321003,0.931026
13034,0.015321,-0.316853,0.929439
13049,0.005555,-0.311726,0.931636
13065,0.005066,-0.317097,0.936153
13081,0.00116,-0.314777,0.938107
13097,0.001892,-0.323201,0.932003
13112,-0.002991,-0.326863,0.927242
13127,0.000793,-0.320149,0.926998
13145,0.000793,-0.31258,0.924678
13159,0.008362,-0.316487,0.930416
13174,0.007264,-0.318806,0.929195
13190,0.007874,-0.345541,0.941891
13206,0.003113,-0.32137,0.932369
13222,0.008973,-0.310871,0.925411
13237,-0.001648,-0.300006,0.927486
13253,0.000427,-0.312946,0.932247
13268,0.006775,-0.332113,0.927242
13284,0.008362,-0.329671,0.930538
13299,0.009705,-0.325642,0.925655
13315,0.010804,-0.316731,0.939938
13331,0.008973,-0.318928,0.935299
13346,0.007142,-0.318196,0.937374
13362,-0.002991,-0.323811,0.938473
13377,0.000061,-0.328206,0.926875
13393,0.009583,-0.335653,0.924068
13409,0.010193,-0.328816,0.924556
13424,0.008851,-0.312702,0.92834
13440,0.016664,-0.316487,0.933101
13456,0.01056,-0.314167,0.932613
13471,0.00531,-0.326253,0.937008
13487,0.00116,-0.331746,0.936031
13503,0.014344,-0.320759,0.93652
13518,0.009583,-0.307453,0.928951
13534,0.005555,-0.331136,0.929805
13549,0.009705,-0.314167,0.936275
13565,0.005555,-0.316609,0.94006
13581,0.002869,-0.330037,0.93359
13596,0.00409,-0.333333,0.929317
13612,0.00702,-0.317585,0.929683
13627,0.009461,-0.302814,0.925288
13643,0.008118,-0.3055,0.93066
13659,0.007752,-0.311603,0.93652
13675,0.006775,-0.330526,0.931881
13690,0.003479,-0.329427,0.937252
13710,0.002625,-0.32784,0.939449
13721,0.002625,-0.32784,0.938595
13737,0.00409,-0.329305,0.93713
13754,0.005066,-0.328816,0.936275
13768,0.003723,-0.326131,0.928707
13784,-0.000305,-0.323445,0.929561
13799,0.000061,-0.30672,0.943966
13815,0.001648,-0.305988,0.930782
13831,0.006043,-0.306842,0.93359
13846,0.007264,-0.32784,0.933468
13862,0.004944,-0.318318,0.933834
13878,0.004578,-0.310505,0.923823
13893,0.00409,-0.312214,0.929683
13909,-0.000794,-0.317829,0.928462
13924,-0.00116,-0.3243,0.937374
13940,-0.001404,-0.325642,0.939205
13956,0.005066,-0.31844,0.929927
13971,0.02057,-0.320271,0.916987
13987,0.015321,-0.324422,0.921748
14003,0.0047,-0.318074,0.934322
14019,-0.002503,-0.323079,0.946652
14034,-0.002869,-0.329427,0.939083
14049,0.000427,-0.335775,0.933223
14065,0.002625,-0.324544,0.929317
14081,0.01056,-0.316975,0.928707
14096,-0.000305,-0.312458,0.93359
14112,-0.000427,-0.319416,0.93359
14128,-0.005677,-0.32198,0.938351
14144,-0.006775,-0.318684,0.935177
14159,-0.001038,-0.329061,0.929927
14174,0.006653,-0.321248,0.924068
14190,0.010438,-0.319905,0.922969
14206,-0.000183,-0.334676,0.92834
14221,-0.001648,-0.327107,0.935665
14237,-0.000794,-0.330037,0.933223
14253,0.006531,-0.314167,0.932003
14268,0.005066,-0.314533,0.934688
14285,0.004822,-0.319905,0.929805
14299,-0.003723,-0.326619,0.931759
14315,0.001038,-0.335164,0.932735
14331,0.001404,-0.324544,0.935421
14347,0.001892,-0.325765,0.932613
14362,-0.000427,-0.328328,0.932125
14378,0.00824,-0.318928,0.926875
14393,0.006043,-0.312946,0.927486
14409,-0.001892,-0.306354,0.926509
14424,-0.003113,-0.321248,0.932369
14440,-0.004212,-0.332845,0.934933
14456,0.012757,-0.322957,0.932979
14471,0.008851,-0.309162,0.925288
14487,-0.001648,-0.29964,0.921382
14503,-0.002869,-0.300861,0.916377
14518,0.002014,-0.323933,0.920649
14534,0.003601,-0.340658,0.934688
14549,0.008484,-0.334066,0.934078
14565,0.008973,-0.343344,0.948361
14581,0.004578,-0.336263,0.940914
14596,0.005555,-0.332113,0.929683
14612,-0.003113,-0.305255,0.92187
14628,-0.00116,-0.298541,0.924922
14643,0.003723,-0.307941,0.931759
14659,0.008606,-0.335897,0.930538
14674,0.011781,-0.331136,0.932857
14690,0.008851,-0.32137,0.94067
14706,-0.001038,-0.331746,0.942257
14721,-0.002258,-0.345907,0.94592
14737,-0.00177,-0.338216,0.943234
14753,-0.000549,-0.323079,0.933101
14768,0.000427,-0.307941,0.927608
14784,0.004944,-0.294635,0.918452
14799,0.006897,-0.305378,0.908686
14816,0.009095,-0.332479,0.931026
14831,0.000793,-0.342611,0.947629
14846,-0.00238,-0.330892,0.944699
14862,0.004334,-0.328084,0.92712
14877,0.007996,-0.321858,0.922847
14893,0.003601,-0.296832,0.917475
14909,0.003479,-0.292559,0.927242
14924,-0.001526,-0.309772,0.931514
14940,-0.003723,-0.312214,0.931392
14956,-0.003479,-0.335775,0.942501
14971,0.000549,-0.333944,0.942013
14987,-0.000671,-0.334554,0.942501
15003,-0.000305,-0.33724,0.942746
15018,0.003601,-0.337606,0.941525
15034,0.006897,-0.339681,0.932979
15049,0.012391,-0.31551,0.931636
15065,0.009339,-0.319294,0.923823
15081,0.010071,-0.316731,0.930294
15096,0.002991,-0.329549,0.944699
15112,0.001648,-0.312458,0.924922
15128,0.00824,-0.315266,0.916377
15145,0.002625,-0.340902,0.935421
15159,0.006409,-0.345785,0.951047
15174,0.003845,-0.331014,0.949094
15190,0.005799,-0.314167,0.933346
15206,0.006043,-0.304523,0.922603
15221,0.007386,-0.30611,0.925777
15237,0.00531,-0.321003,0.929073
15253,0.006653,-0.327596,0.925655
15268,0.002503,-0.3337,0.926143
15284,0.00177,-0.324666,0.934566
15300,0.002625,-0.317341,0.9342
15315,0.000061,-0.317097,0.933346
15362,0.009705,-0.329427,0.935665
15378,0.00824,-0.331136,0.9342
15393,0.008606,-0.34017,0.939816
15409,0.010438,-0.339193,0.934444
15424,0.011414,-0.326619,0.930049
15440,0.003601,-0.321736,0.937252
15456,0.00409,-0.318318,0.932369
15471,0.006409,-0.326863,0.92773
15487,-0.003235,-0.325032,0.937862
15503,0.000793,-0.319172,0.933834
15518,0.009339,-0.316731,0.929927
15534,0.006775,-0.320393,0.925288
15549,0.003113,-0.313923,0.922969
15566,0.01117,-0.329915,0.924556
15581,0.006653,-0.329061,0.933956
15596,0.005921,-0.332235,0.939449
15612,0.01117,-0.32845,0.941403
15628,0.008973,-0.327474,0.940548
15643,0.01117,-0.323811,0.934811
15659,0.009339,-0.322713,0.932247
15674,0.011658,-0.315754,0.934078
15690,0.007508,-0.314777,0.926631
15706,0.008606,-0.324666,0.923946
15721,0.002625,-0.326253,0.921016
15737,0.009461,-0.327352,0.921016
15753,0.002258,-0.332723,0.948972
15768,0.005921,-0.345175,0.952634
15784,0.002991,-0.341757,0.948727
15799,0.007752,-0.329061,0.936886
15815,0.006775,-0.301593,0.916133
15831,0.008484,-0.299884,0.91894
15846,0.013856,-0.330159,0.93359
15862,0.016175,-0.358115,0.927364
15879,0.015565,-0.343466,0.926021
15893,0.0141,-0.32198,0.923213
15909,0.005432,-0.296222,0.925655
15924,-0.00409,-0.288409,0.928096
15940,-0.002869,-0.306232,0.94006
15956,-0.002869,-0.324422,0.939205
15971,0.003357,-0.355063,0.937252
15987,0.007996,-0.356284,0.94006
16003,0.007386,-0.346029,0.936275
16019,0.009827,-0.317097,0.926998
16034,0.006653,-0.29732,0.916499
16049,0.006775,-0.297931,0.926265
16065,0.008729,-0.304889,0.92187
16081,0.003601,-0.328694,0.923335
16096,0.006287,-0.337606,0.939327
16112,0.013734,-0.351401,0.935909
16127,0.018129,-0.346884,0.94006
16144,0.01056,-0.333822,0.938229
16159,0.007508,-0.319905,0.932979
16174,-0.004822,-0.303424,0.925655
16190,-0.003601,-0.320393,0.924556
16206,0.010804,-0.331624,0.931514
16221,0.013978,-0.337972,0.941647
16237,0.01056,-0.333822,0.935665
16253,0.010316,-0.337606,0.934322
16268,0.009949,-0.336263,0.935055
16284,0.007752,-0.333822,0.938229
16300,0.005799,-0.335531,0.936642
16316,0.000305,-0.317097,0.930049
16331,0.005921,-0.304157,0.919551
16347,0.009705,-0.289752,0.920527
16362,0.003968,-0.316365,0.929561
16378,0.010682,-0.345175,0.939205
16393,0.012513,-0.280352,0.929805
16410,0.00702,-0.302814,0.932369
16424,0.004456,-0.332967,0.935421
16440,0.000671,-0.351401,0.941036
16456,0.004456,-0.339803,0.94006
16471,0.004212,-0.332357,0.941281
16487,0.006775,-0.320271,0.9248
16503,0.01471,-0.314167,0.922969
16518,0.010682,-0.301471,0.924068
16534,0.010682,-0.30257,0.926509
16549,0.012513,-0.308674,0.927486
16565,0.015321,-0.318928,0.916377
16581,0.009705,-0.3337,0.929317
16596,0.011292,-0.340048,0.945065
16613,0.012269,-0.337362,0.937862
16628,0.010926,-0.332479,0.930904
16643,0.007142,-0.326009,0.927242
16659,0.004212,-0.317341,0.926998
16674,0.007508,-0.313923,0.923457
16690,0.00824,-0.321858,0.934078
16706,0.006287,-0.335531,0.929805
16721,0.014832,-0.340536,0.931514
16737,0.011658,-0.327718,0.929561
16753,0.012269,-0.318684,0.929439
16768,0.000061,-0.325887,0.933101
16784,0.003479,-0.327718,0.924556
16800,0.012757,-0.338461,0.926998
16815,0.017152,-0.333944,0.928829
16831,0.008851,-0.330403,0.938961
16846,0.007874,-0.332357,0.939571
16862,0.013001,-0.335409,0.946164
16878,0.010804,-0.322957,0.935177
16893,0.015199,-0.320515,0.925533
16909,0.015565,-0.321492,0.925044
16925,0.017152,-0.320027,0.922236
16941,0.012635,-0.31844,0.921016
16956,0.008606,-0.312336,0.90954
16972,0.009583,-0.317219,0.912348
16987,0.00116,-0.330037,0.928951
17003,0.00531,-0.342245,0.94421
17018,0.00763,-0.348227,0.934688
17034,0.002258,-0.312458,0.922114
17049,0.002014,-0.339071,0.939816
17065,0.014588,-0.343832,0.941403
17081,0.014588,-0.335653,0.937862
17096,0.017396,-0.311726,0.926387
17120,0.00702,-0.316609,0.911616
17136,0.006775,-0.311603,0.914057
17153,0.002991,-0.315144,0.925044
17167,0.008118,-0.331502,0.9436
17183,0.009949,-0.339803,0.941159
17198,0.012269,-0.346762,0.943112
17214,0.004212,-0.330281,0.93066
17230,0.000793,-0.311603,0.931148
17245,0.001648,-0.308552,0.933956
17261,0.003113,-0.317585,0.9248
17277,0.012513,-0.340048,0.922725
17292,0.010071,-0.333944,0.927364
17308,0.011903,-0.344076,0.93359
17323,0.011536,-0.327352,0.93066
17339,0.013368,-0.328694,0.929805
17355,0.014222,-0.322224,0.92419
17370,0.014466,-0.317463,0.924678
17386,0.011536,-0.313435,0.925411
17402,0.004456,-0.310505,0.937618
17417,0.000549,-0.315754,0.944577
17433,-0.002136,-0.33138,0.938595
17448,0.009339,-0.336874,0.917109
17464,0.012025,-0.32491,0.919795
17482,0.005066,-0.320149,0.927486
17495,0.004212,-0.328694,0.936764
17511,0.011292,-0.339193,0.949338
17526,0.020204,-0.33724,0.945309
17542,0.020326,-0.338583,0.944455
17558,0.019227,-0.336263,0.942501
17573,0.019349,-0.332723,0.939205
17589,0.020936,-0.329549,0.933346
17605,0.018251,-0.319905,0.925655
17620,0.012635,-0.318562,0.922359
17636,-0.000427,-0.313557,0.930416
17652,0.001892,-0.327474,0.935177
17667,0.003113,-0.335531,0.933834
17683,0.002869,-0.322102,0.934566
17698,0.011536,-0.332113,0.933834
17714,0.016541,-0.322468,0.93359
17730,0.013978,-0.320759,0.931148
17745,0.010804,-0.319539,0.929561
17761,0.009705,-0.319172,0.9248
17777,0.008362,-0.324055,0.924922
17792,0.011781,-0.325887,0.931148
17808,0.010071,-0.31905,0.929439
17823,0.013123,-0.321614,0.935543
17839,0.006897,-0.329671,0.927852
17855,0.005432,-0.324178,0.932613
17870,-0.000061,-0.314533,0.943844
17886,0.00116,-0.301593,0.934322
17902,0.006287,-0.301471,0.921504
17917,0.01117,-0.308796,0.926753
17933,0.010804,-0.335531,0.917598
17948,0.018495,-0.335531,0.926387
17964,0.015565,-0.339193,0.931392
17980,0.0141,-0.33785,0.942501
17995,0.016419,-0.321858,0.942379
18012,0.012269,-0.312702,0.937984
18026,0.008606,-0.323445,0.936886
18042,0.009827,-0.323445,0.931759
18058,0.009583,-0.321614,0.934566
18073,0.009949,-0.313435,0.930538
18089,0.012879,-0.315998,0.913935
18105,0.014222,-0.319539,0.921138
18120,0.018617,-0.326253,0.931392
18136,0.015321,-0.332235,0.935421
18153,0.020448,-0.336141,0.94653
18167,0.013123,-0.331136,0.951657
18183,0.010316,-0.328939,0.954587
18198,0.011048,-0.329671,0.950436
18214,0.015687,-0.329061,0.946774
18230,0.009827,-0.319661,0.924678
18245,0.013612,-0.312458,0.920405
18261,0.015321,-0.303302,0.92126
18276,0.01117,-0.310871,0.930538
18293,0.010438,-0.320027,0.934078
18308,0.011658,-0.313068,0.936886
18323,0.014466,-0.317829,0.933468
18339,0.012879,-0.316975,0.924678
18355,0.006775,-0.305622,0.931759
18370,0.008851,-0.323323,0.94006
18386,0.012147,-0.331502,0.93774
18401,0.021669,-0.314289,0.926998
18417,0.017396,-0.308307,0.924312
18433,0.009583,-0.311481,0.924068
18448,0.007386,-0.313679,0.926387
18464,0.003601,-0.310016,0.94299
18480,0.010926,-0.316853,0.943234
18495,0.021913,-0.310749,0.937008
18511,0.019716,-0.3337,0.931392
18526,0.015931,-0.318928,0.935055
18543,0.013123,-0.320149,0.937008
18558,0.00702,-0.302936,0.932613
18573,0.011292,-0.307575,0.925777
18589,0.009949,-0.32137,0.914423
18605,0.013368,-0.32259,0.924068
18620,0.013612,-0.330648,0.933712
18636,0.011292,-0.333089,0.950925
18651,0.008484,-0.321614,0.95532
18667,0.009217,-0.314045,0.927486
18683,0.017274,-0.302081,0.913935
18698,0.01117,-0.296588,0.911372
18718,0.015687,-0.317219,0.924678
18730,0.009217,-0.333455,0.946042
18745,0.01349,-0.330892,0.946286
18761,0.015931,-0.311603,0.940914
18776,0.013368,-0.308552,0.930049
18792,0.015077,-0.309894,0.923457
18808,0.011414,-0.308796,0.924678
18823,0.012635,-0.312336,0.926753
18839,0.010682,-0.313801,0.926143
18855,0.008973,-0.31197,0.925044
18870,0.008484,-0.310627,0.931392
18886,0.008118,-0.312214,0.93066
18902,0.007264,-0.318318,0.932003
18917,0.008973,-0.325887,0.930904
18933,0.010193,-0.332967,0.937862
18948,0.020936,-0.330037,0.943844
18980,0.019349,-0.331014,0.944455
18996,0.01056,-0.306354,0.943234
19011,0.013856,-0.311848,0.939449
19027,0.011658,-0.330892,0.931148
19043,0.006653,-0.30672,0.937008
19058,0.014588,-0.305988,0.934688
19075,0.015809,-0.311237,0.9248
19089,0.014222,-0.318074,0.928951
19105,0.018006,-0.314655,0.924678
19121,0.013612,-0.323445,0.93066
19136,0.011292,-0.317829,0.943356
19152,0.011292,-0.319661,0.947751
19167,0.008484,-0.316609,0.944821
19183,0.014222,-0.3243,0.936153
19199,0.015687,-0.32198,0.936642
19214,0.019349,-0.311603,0.929195
19230,0.010926,-0.313923,0.933346
19246,0.005677,-0.304767,0.922603
19261,0.011414,-0.303424,0.926143
19277,0.010193,-0.299884,0.932491
19292,0.013368,-0.309284,0.936153
19308,0.017884,-0.322468,0.922969
19324,0.013734,-0.326131,0.92419
19339,0.009705,-0.31905,0.930416
19355,0.013612,-0.310627,0.939694
19371,0.010193,-0.315266,0.946652
19386,0.015077,-0.320149,0.937984
19402,0.018006,-0.315144,0.934444
19417,0.018495,-0.311603,0.92773
19433,0.017884,-0.31905,0.936031
19449,0.00824,-0.321003,0.948972
19464,0.0047,-0.312946,0.949216
19480,0.005432,-0.316242,0.948727
19496,0.010682,-0.31612,0.940792
19511,0.008484,-0.317097,0.931392
19527,0.011903,-0.299152,0.930294
19542,0.014344,-0.304523,0.921748
19558,0.010438,-0.316242,0.935421
19574,0.013734,-0.326619,0.939938
19590,0.017152,-0.323201,0.936153
19606,0.013123,-0.304279,0.93066
19621,0.016664,-0.307331,0.927974
19636,0.011048,-0.298053,0.92773
19652,0.009217,-0.303791,0.926143
19667,0.005188,-0.31197,0.925899
19683,0.006043,-0.310383,0.939694
19699,0.002014,-0.315388,0.938839
19714,0.008851,-0.31612,0.932003
19730,0.008729,-0.323201,0.929561
19746,0.007752,-0.317463,0.92834
19761,0.010926,-0.317707,0.927974
19777,0.008118,-0.313068,0.938961
19793,0.009705,-0.327474,0.943234
19808,0.011414,-0.325276,0.947751
19824,0.014588,-0.313435,0.926509
19839,0.015809,-0.315998,0.914668
19855,0.012879,-0.310383,0.930782
19871,0.007264,-0.312336,0.932247
19886,-0.001892,-0.317829,0.939694
19902,0.006775,-0.321858,0.944821
19917,0.008973,-0.329793,0.936764
19933,0.013612,-0.326863,0.935421
19949,0.008729,-0.308552,0.933346
19964,0.005555,-0.314655,0.933712
19980,0.005432,-0.311115,0.924922
19996,0.005432,-0.315388,0.927242
20011,0.009095,-0.316609,0.932979
20028,0.013245,-0.323445,0.931392
20042,0.012513,-0.326863,0.931881
20058,0.008851,-0.320271,0.937374
20074,-0.000671,-0.317707,0.939816
20089,0.000916,-0.312824,0.936886
20105,-0.001038,-0.311726,0.935787
20121,-0.001282,-0.310261,0.93652
20138,0.000549,-0.311848,0.93774
20152,0.001892,-0.306476,0.935543
20167,0.007386,-0.310993,0.929073
20183,0.010804,-0.310627,0.92773
20199,0.007874,-0.309772,0.926387
20214,0.006165,-0.309894,0.931881
20230,0.001282,-0.32784,0.934322
20246,0.003113,-0.33077,0.939571
20261,0.008484,-0.310749,0.930049
20277,0.007508,-0.322957,0.938351
20292,-0.000671,-0.319661,0.934688
20308,0.006165,-0.326009,0.925411
20325,0.007386,-0.323811,0.92419
20339,0.002747,-0.316487,0.93066
20355,0.0047,-0.313557,0.928462
20371,0.006531,-0.31612,0.932735
20386,0.00531,-0.313801,0.938595
20402,0.009339,-0.326009,0.933223
20417,0.007752,-0.316853,0.939327
20433,0.008118,-0.324055,0.932613
20449,0.010071,-0.321126,0.930538
20464,0.005921,-0.309406,0.925655
20480,0.003968,-0.312702,0.926753
20496,0.002625,-0.316609,0.937252
20511,0.008484,-0.340292,0.92712
20527,0.008118,-0.338216,0.926265
20542,0.00763,-0.326619,0.924678
20558,0.011658,-0.31197,0.934688
20574,0.006775,-0.309284,0.932003
20589,0.001648,-0.310383,0.940182
20605,0.002136,-0.315754,0.942013
20622,0.00177,-0.328206,0.932735
20636,0.01703,-0.323567,0.928462
20652,0.011048,-0.318806,0.923579
20669,0.012391,-0.313435,0.929683
20683,0.001648,-0.315876,0.935177
20699,0.002503,-0.319905,0.938229
20714,0.007142,-0.319294,0.937618
20730,0.010316,-0.326863,0.938351
20746,0.006897,-0.324666,0.936153
20761,0.006409,-0.325154,0.937008
20777,0.015687,-0.330159,0.935665
20792,0.007264,-0.330281,0.932613
20808,0.009949,-0.318196,0.932613
20824,0.005921,-0.319661,0.927242
20839,0.009705,-0.308552,0.931026
20855,0.004212,-0.309528,0.929195
20871,0.011536,-0.322835,0.937252
20886,0.01349,-0.328572,0.943112
20902,0.010804,-0.319783,0.931759
20917,0.009949,-0.324178,0.929561
20933,0.010193,-0.314533,0.917109
20949,0.002503,-0.307453,0.919673
20964,0.002625,-0.310383,0.931759
20980,0.003479,-0.323567,0.948483
20996,0.009339,-0.342855,0.946652
21011,0.011781,-0.328084,0.926631
21027,0.006653,-0.313679,0.920161
21042,0.005188,-0.307209,0.930294
21058,0.003968,-0.318318,0.93774
21074,0.009095,-0.333944,0.940914
21089,0.01471,-0.334188,0.929561
21105,0.015687,-0.331258,0.933834
21121,0.009461,-0.315754,0.928462
21136,0.002136,-0.311726,0.9248
21153,0.00177,-0.315754,0.930904
21167,0.001282,-0.319905,0.930782
21183,0.01349,-0.322346,0.940426
21200,0.011781,-0.333578,0.936275
21214,0.010316,-0.338216,0.933346
21230,0.008118,-0.342123,0.936764
21246,0.001526,-0.318684,0.934811
21261,0.009949,-0.317341,0.930294
21277,0.00702,-0.319539,0.922603
21292,0.013856,-0.317463,0.922603
21308,0.009461,-0.31551,0.927608
21324,0.013001,-0.312336,0.926509
21339,0.006897,-0.324788,0.93652
21355,0.008851,-0.339803,0.947873
21371,0.007996,-0.349326,0.945187
21386,0.011048,-0.348837,0.947873
21402,0.012391,-0.348837,0.949338
21417,0.01056,-0.350058,0.951169
21433,-0.005799,-0.353964,0.965452
21449,0.003479,-0.322102,0.956784
21464,0.017152,-0.323445,0.924922
21480,0.012635,-0.329671,0.908808
21496,0.009217,-0.295123,0.911738
21511,0.009583,-0.287432,0.922114
21527,0.003357,-0.293658,0.930171
21542,-0.001038,-0.276811,0.932369
21558,0.011048,-0.294146,0.913935
21574,0.011781,-0.30318,0.914668
21589,0.007264,-0.292071,0.929195
21605,-0.003113,-0.303913,0.948605
21621,0.014955,-0.333944,0.947507
21636,-0.003845,-0.308674,0.957395
21652,-0.002503,-0.326863,0.947995
21667,-0.015321,-0.34725,0.919185
21683,0.043521,-0.400354,0.913325
21699,0.055484,-0.292315,1.022584
21714,0.047916,-0.268754,1.006836
21731,0.047305,-0.275591,1.004029
21746,0.052921,-0.281084,1.008545
21761,0.029116,-0.310871,0.980712
21777,-0.051334,-0.383629,0.914179
21793,-0.034853,-0.460905,0.887933
21808,0.024354,-0.421229,0.92773
21824,0.001892,-0.348593,0.981566
21839,0.009705,-0.209791,1.02881
21855,-0.029726,-0.169749,0.99939
21871,-0.030214,-0.308796,0.960325
21886,-0.015199,-0.527071,0.937252
21902,-0.01703,-0.57053,1.137582
21917,0.080632,-0.283281,0.900262
21933,0.01471,-0.201611,0.951657
21949,0.013978,-0.19331,0.9248
21964,0.006653,-0.203443,0.853873
21980,0.011292,-0.222243,0.816517
21996,0.007264,-0.257767,0.78319
22011,0.047793,-0.194775,0.822377
22028,0.040103,-0.18745,0.822743
22043,0.029482,-0.198559,0.825551
22058,-0.018006,-0.236648,0.819691
22074,-0.035097,-0.257279,0.817005
22089,-0.037173,-0.33199,0.832875
22105,-0.068791,-0.361289,0.851553
22121,-0.064396,-0.376915,0.864982
22136,-0.079045,-0.397058,0.882683
22153,-0.045108,-0.394738,0.917598
22167,-0.007019,-0.405237,0.9436
22183,-0.07636,-0.427333,0.920527
22199,-0.061588,-0.431606,0.974974
22214,-0.051578,-0.46884,0.972777
22230,-0.042422,-0.427211,0.939816
22246,-0.028505,-0.402551,0.8966
22262,-0.010926,-0.404993,0.876701
22277,-0.035097,-0.357993,0.870598
22293,-0.026308,-0.314533,0.904901
22308,-0.021425,-0.335897,0.915888
22324,-0.020204,-0.342489,0.916743
22339,-0.020326,-0.332601,0.921748
22355,-0.020082,-0.322102,0.90832
22371,-0.001404,-0.328328,0.888787
22386,0.017274,-0.34664,0.893548
22402,0.013978,-0.33431,0.923213
22417,0.005555,-0.345297,0.940914
22433,0.000793,-0.368614,0.939205
22449,0.008362,-0.38485,0.923213
22464,0.011781,-0.42599,0.911616
22480,-0.001526,-0.402185,0.916865
22496,-0.004456,-0.368614,0.93713
22511,-0.001892,-0.352622,0.948483
22527,-0.003235,-0.351889,0.951657
22543,-0.003479,-0.349448,0.944699
22558,0.000549,-0.37545,0.918086
22574,0.021303,-0.393029,0.901361
22589,0.021791,-0.370689,0.903192
22605,0.020692,-0.354087,0.905023
22621,0.00824,-0.336019,0.918208
22636,0.009949,-0.351035,0.905634
22652,0.020814,-0.371666,0.90246
22668,0.024354,-0.374718,0.902948
22683,0.025941,-0.379235,0.902216
